2025-10-09 21:27:46,719 [INFO] Activator:176 - 


2025-10-09 21:27:46,720 [INFO] Activator:177 - !SESSION log4j initialized
2025-10-09 21:27:49,318 [INFO] LogOutputStream:77 - [STDOUT_REDIRECT] 
2025-10-09 21:27:51,495 [INFO] ApplicationProperties:184 - Using Application install path: C:\ST\STM32CubeIDE_1.18.0\STM32CubeIDE\plugins\com.st.stm32cube.common.mx_6.15.0.202507011659
2025-10-09 21:27:51,509 [INFO] DbMcusXml:78 - Set database path to: C:\ST\STM32CubeIDE_1.18.0\STM32CubeIDE\plugins\com.st.stm32cube.common.mx_6.15.0.202507011659\\db\/mcu/
2025-10-09 21:27:51,509 [INFO] ApiDb:274 - Set plugin database path to: C:\ST\STM32CubeIDE_1.18.0\STM32CubeIDE\plugins\com.st.stm32cube.common.mx_6.15.0.202507011659\\db\/plugins/boardmanager/
2025-10-09 21:27:51,518 [WARN] ApiDb:259 - Overriding images path with different value:  => C:\ST\STM32CubeIDE_1.18.0\STM32CubeIDE\plugins\com.st.stm32cube.common.mx_6.15.0.202507011659\\db\/plugins/mcufinder/images/
2025-10-09 21:27:51,523 [INFO] ApiDb:250 - Set database path to: C:\Users\anish\.stmcufinder\plugins\mcufinder//mcu/
2025-10-09 21:27:51,524 [INFO] DbMcusAds:125 - Set database path to: C:\Users\anish\.stmcufinder\plugins\mcufinder//mcu/
2025-10-09 21:27:51,526 [INFO] CrossReferenceDbSqlite:203 - Set database path to: C:\Users\anish\.stmcufinder\plugins\mcufinder//mcu/cs/
2025-10-09 21:27:51,642 [INFO] RulesReader:64 - Compatibility file has been processed (317 Rules)
2025-10-09 21:27:51,721 [INFO] DbMcusXml:78 - Set database path to: C:\ST\STM32CubeIDE_1.18.0\STM32CubeIDE\plugins\com.st.stm32cube.common.mx_6.15.0.202507011659\\db\/mcu/
2025-10-09 21:27:51,721 [INFO] ApiDb:274 - Set plugin database path to: C:\ST\STM32CubeIDE_1.18.0\STM32CubeIDE\plugins\com.st.stm32cube.common.mx_6.15.0.202507011659\\db\/plugins/boardmanager/
2025-10-09 21:27:51,721 [INFO] ApiDb:261 - Set plugin images path to: C:\ST\STM32CubeIDE_1.18.0\STM32CubeIDE\plugins\com.st.stm32cube.common.mx_6.15.0.202507011659\\db\/plugins/mcufinder/images/
2025-10-09 21:27:51,721 [WARN] DbFile:41 - Overriding database path with different value: C:\Users\anish\.stmcufinder\plugins\mcufinder/ => C:\Users\anish\.stmcufinder\plugins\mcufinder
2025-10-09 21:27:51,722 [INFO] ApiDb:250 - Set database path to: C:\Users\anish\.stmcufinder\plugins\mcufinder//mcu/
2025-10-09 21:27:51,722 [WARN] DbFile:41 - Overriding database path with different value: C:\Users\anish\.stmcufinder\plugins\mcufinder/ => C:\Users\anish\.stmcufinder\plugins\mcufinder
2025-10-09 21:27:51,722 [INFO] DbMcusAds:125 - Set database path to: C:\Users\anish\.stmcufinder\plugins\mcufinder//mcu/
2025-10-09 21:27:51,722 [WARN] DbFile:41 - Overriding database path with different value: C:\Users\anish\.stmcufinder\plugins\mcufinder/ => C:\Users\anish\.stmcufinder\plugins\mcufinder
2025-10-09 21:27:51,722 [WARN] DbFile:41 - Overriding database path with different value: C:\Users\anish\.stmcufinder\plugins\mcufinder/ => C:\Users\anish\.stmcufinder\plugins\mcufinder
2025-10-09 21:27:51,722 [INFO] CrossReferenceDbSqlite:203 - Set database path to: C:\Users\anish\.stmcufinder\plugins\mcufinder//mcu/cs/
2025-10-09 21:27:51,785 [INFO] MainPanel:274 - HeapMemory: 268435456
2025-10-09 21:27:51,863 [INFO] DbMcusXml:78 - Set database path to: C:\ST\STM32CubeIDE_1.18.0\STM32CubeIDE\plugins\com.st.stm32cube.common.mx_6.15.0.202507011659\\db\/mcu/
2025-10-09 21:27:51,863 [INFO] ApiDb:274 - Set plugin database path to: C:\ST\STM32CubeIDE_1.18.0\STM32CubeIDE\plugins\com.st.stm32cube.common.mx_6.15.0.202507011659\\db\/plugins/boardmanager/
2025-10-09 21:27:51,863 [INFO] ApiDb:261 - Set plugin images path to: C:\ST\STM32CubeIDE_1.18.0\STM32CubeIDE\plugins\com.st.stm32cube.common.mx_6.15.0.202507011659\\db\/plugins/mcufinder/images/
2025-10-09 21:27:51,863 [WARN] DbFile:41 - Overriding database path with different value: C:\Users\anish\.stmcufinder\plugins\mcufinder/ => C:\Users\anish\.stmcufinder\plugins\mcufinder
2025-10-09 21:27:51,864 [INFO] ApiDb:250 - Set database path to: C:\Users\anish\.stmcufinder\plugins\mcufinder//mcu/
2025-10-09 21:27:51,864 [WARN] DbFile:41 - Overriding database path with different value: C:\Users\anish\.stmcufinder\plugins\mcufinder/ => C:\Users\anish\.stmcufinder\plugins\mcufinder
2025-10-09 21:27:51,864 [INFO] DbMcusAds:125 - Set database path to: C:\Users\anish\.stmcufinder\plugins\mcufinder//mcu/
2025-10-09 21:27:51,864 [WARN] DbFile:41 - Overriding database path with different value: C:\Users\anish\.stmcufinder\plugins\mcufinder/ => C:\Users\anish\.stmcufinder\plugins\mcufinder
2025-10-09 21:27:51,864 [WARN] DbFile:41 - Overriding database path with different value: C:\Users\anish\.stmcufinder\plugins\mcufinder/ => C:\Users\anish\.stmcufinder\plugins\mcufinder
2025-10-09 21:27:51,864 [INFO] CrossReferenceDbSqlite:203 - Set database path to: C:\Users\anish\.stmcufinder\plugins\mcufinder//mcu/cs/
2025-10-09 21:27:51,895 [INFO] ApplicationProperties:184 - Using Application install path: C:\ST\STM32CubeIDE_1.18.0\STM32CubeIDE\plugins\com.st.stm32cube.common.mx_6.15.0.202507011659
2025-10-09 21:27:51,897 [INFO] PluginManage:196 - Search for loadable plugins [exclusion list=, ]
2025-10-09 21:27:51,898 [INFO] PluginManage:310 - Check plugin analytics
2025-10-09 21:27:52,106 [INFO] AnalyticsPlugin:253 - Accepted Software Licenses: 
2025-10-09 21:27:52,107 [INFO] AnalyticsPlugin:255 - Accepted CMSIS Pack Licenses: 
2025-10-09 21:27:52,107 [INFO] AnalyticsPlugin:257 - Accepted Firmware Licenses: FW.F4.1.28.0
2025-10-09 21:27:52,112 [INFO] PluginManage:359 - Loaded plugin analytics (category:tool,tabindex:-1)
2025-10-09 21:27:52,112 [INFO] PluginManage:310 - Check plugin cadmodel
2025-10-09 21:27:52,118 [INFO] CADModel:105 - Init CAD model plugin
2025-10-09 21:27:52,119 [INFO] PluginManage:359 - Loaded plugin cadmodel (category:power,tabindex:5)
2025-10-09 21:27:52,119 [INFO] PluginManage:310 - Check plugin clock
2025-10-09 21:27:52,129 [INFO] PluginManage:359 - Loaded plugin clock (category:base,tabindex:2)
2025-10-09 21:27:52,130 [INFO] PluginManage:310 - Check plugin ddr
2025-10-09 21:27:52,132 [INFO] PluginManage:359 - Loaded plugin ddr (category:tool,tabindex:6)
2025-10-09 21:27:52,132 [INFO] PluginManage:310 - Check plugin filemanager
2025-10-09 21:27:52,290 [INFO] PluginManage:359 - Loaded plugin filemanager (category:base,tabindex:10)
2025-10-09 21:27:52,290 [INFO] PluginManage:310 - Check plugin ipmanager
2025-10-09 21:27:52,297 [INFO] PluginManage:359 - Loaded plugin ipmanager (category:base,tabindex:5)
2025-10-09 21:27:52,297 [INFO] PluginManage:310 - Check plugin lpbam
2025-10-09 21:27:52,304 [INFO] PluginManage:359 - Loaded plugin lpbam (category:base,tabindex:0)
2025-10-09 21:27:52,304 [INFO] PluginManage:310 - Check plugin memorymap
2025-10-09 21:27:52,317 [INFO] PluginManage:359 - Loaded plugin memorymap (category:base,tabindex:4)
2025-10-09 21:27:52,318 [INFO] PluginManage:310 - Check plugin pinoutandconfiguration
2025-10-09 21:27:52,326 [INFO] PluginManage:359 - Loaded plugin pinoutandconfiguration (category:base,tabindex:1)
2025-10-09 21:27:52,326 [INFO] PluginManage:310 - Check plugin pinoutconfig
2025-10-09 21:27:52,408 [WARN] SupportedApi:132 - Cannot load RTOS API schema: s4s-elt-must-match.1: The content of 'definitions' must match (annotation?, (simpleType | complexType)?, (unique | key | keyref)*)). A problem was found starting at: attribute.
2025-10-09 21:27:52,538 [INFO] PluginManage:359 - Loaded plugin pinoutconfig (category:base,tabindex:0)
2025-10-09 21:27:52,538 [INFO] PluginManage:310 - Check plugin power
2025-10-09 21:27:52,545 [INFO] PluginManage:359 - Loaded plugin power (category:power,tabindex:4)
2025-10-09 21:27:52,545 [INFO] PluginManage:310 - Check plugin projectmanager
2025-10-09 21:27:52,561 [INFO] PluginManage:359 - Loaded plugin projectmanager (category:projectmanager,tabindex:4)
2025-10-09 21:27:52,561 [INFO] PluginManage:310 - Check plugin rif
2025-10-09 21:27:52,568 [INFO] PluginManage:359 - Loaded plugin rif (category:base,tabindex:3)
2025-10-09 21:27:52,570 [INFO] PluginManage:310 - Check plugin thirdparty
2025-10-09 21:27:52,696 [INFO] PluginManage:359 - Loaded plugin thirdparty (category:base,tabindex:-1)
2025-10-09 21:27:52,696 [WARN] IntegrityCheckThread:84 - waiting for thirdparty lock release [integrity check]
2025-10-09 21:27:52,696 [INFO] IntegrityCheckThread:86 - entering critical section [integrity check]
2025-10-09 21:27:52,696 [INFO] PluginManage:310 - Check plugin tools
2025-10-09 21:27:52,696 [INFO] ThirdPartyUpdaterWithRetryManager:70 - Updater plugin not ready yet. [1/15]
2025-10-09 21:27:52,699 [INFO] PluginManage:359 - Loaded plugin tools (category:base,tabindex:7)
2025-10-09 21:27:52,699 [INFO] PluginManage:310 - Check plugin tutovideos
2025-10-09 21:27:52,883 [INFO] PluginManage:359 - Loaded plugin tutovideos (category:base,tabindex:-1)
2025-10-09 21:27:52,883 [INFO] PluginManage:310 - Check plugin updater
2025-10-09 21:27:52,904 [INFO] PluginManage:359 - Loaded plugin updater (category:base,tabindex:12)
2025-10-09 21:27:52,904 [INFO] PluginManage:310 - Check plugin userauth
2025-10-09 21:27:52,908 [INFO] UserAuth:118 - Init User Auth plugin
2025-10-09 21:27:52,908 [INFO] PluginManage:359 - Loaded plugin userauth (category:base,tabindex:14)
2025-10-09 21:27:52,909 [INFO] PluginManage:283 - PluginManage : Loaded plugins [18]
2025-10-09 21:27:53,114 [INFO] PinOutPanel:1589 - setPackage(No Configuration,No Configuration)
2025-10-09 21:27:53,199 [INFO] CADModel:165 - CPN selected for project level
2025-10-09 21:27:53,199 [INFO] CADModel:114 - Register for checkConnection events
2025-10-09 21:27:53,216 [INFO] IPUIPlugin:80 - create IPUIPlugin
2025-10-09 21:27:53,216 [INFO] PluginManager:220 - loadIPPluginJar : add adc
2025-10-09 21:27:53,219 [INFO] IPUIPlugin:80 - create IPUIPlugin
2025-10-09 21:27:53,219 [INFO] PluginManager:220 - loadIPPluginJar : add aes
2025-10-09 21:27:53,222 [INFO] IPUIPlugin:80 - create IPUIPlugin
2025-10-09 21:27:53,223 [INFO] PluginManager:220 - loadIPPluginJar : add can
2025-10-09 21:27:53,225 [INFO] IPUIPlugin:80 - create IPUIPlugin
2025-10-09 21:27:53,225 [INFO] PluginManager:220 - loadIPPluginJar : add comp
2025-10-09 21:27:53,227 [INFO] IPUIPlugin:80 - create IPUIPlugin
2025-10-09 21:27:53,227 [INFO] PluginManager:220 - loadIPPluginJar : add cryp
2025-10-09 21:27:53,229 [INFO] IPUIPlugin:80 - create IPUIPlugin
2025-10-09 21:27:53,229 [INFO] PluginManager:220 - loadIPPluginJar : add ddr_ctrl_phy
2025-10-09 21:27:53,232 [INFO] IPUIPlugin:80 - create IPUIPlugin
2025-10-09 21:27:53,232 [INFO] PluginManager:220 - loadIPPluginJar : add dfsdm
2025-10-09 21:27:53,237 [INFO] IPUIPlugin:80 - create IPUIPlugin
2025-10-09 21:27:53,237 [INFO] PluginManager:220 - loadIPPluginJar : add dma
2025-10-09 21:27:53,239 [INFO] IPUIPlugin:80 - create IPUIPlugin
2025-10-09 21:27:53,239 [INFO] PluginManager:220 - loadIPPluginJar : add dma3
2025-10-09 21:27:53,242 [INFO] IPUIPlugin:80 - create IPUIPlugin
2025-10-09 21:27:53,242 [INFO] PluginManager:220 - loadIPPluginJar : add extmemmanager
2025-10-09 21:27:53,243 [INFO] IPUIPlugin:80 - create IPUIPlugin
2025-10-09 21:27:53,243 [INFO] PluginManager:220 - loadIPPluginJar : add fatfs
2025-10-09 21:27:53,248 [INFO] IPUIPlugin:80 - create IPUIPlugin
2025-10-09 21:27:53,248 [INFO] PluginManager:220 - loadIPPluginJar : add fmc
2025-10-09 21:27:53,254 [INFO] IPUIPlugin:80 - create IPUIPlugin
2025-10-09 21:27:53,254 [INFO] PluginManager:220 - loadIPPluginJar : add freertos
2025-10-09 21:27:53,255 [INFO] IPUIPlugin:80 - create IPUIPlugin
2025-10-09 21:27:53,256 [INFO] PluginManager:220 - loadIPPluginJar : add genericplugin
2025-10-09 21:27:53,258 [INFO] IPUIPlugin:80 - create IPUIPlugin
2025-10-09 21:27:53,258 [INFO] PluginManager:220 - loadIPPluginJar : add gfxmmu
2025-10-09 21:27:53,263 [INFO] IPUIPlugin:80 - create IPUIPlugin
2025-10-09 21:27:53,263 [INFO] PluginManager:220 - loadIPPluginJar : add gic
2025-10-09 21:27:53,267 [INFO] IPUIPlugin:80 - create IPUIPlugin
2025-10-09 21:27:53,268 [INFO] PluginManager:220 - loadIPPluginJar : add gpio
2025-10-09 21:27:53,271 [INFO] IPUIPlugin:80 - create IPUIPlugin
2025-10-09 21:27:53,271 [INFO] PluginManager:220 - loadIPPluginJar : add gtzc
2025-10-09 21:27:53,274 [INFO] IPUIPlugin:80 - create IPUIPlugin
2025-10-09 21:27:53,274 [INFO] PluginManager:220 - loadIPPluginJar : add hash
2025-10-09 21:27:53,278 [INFO] IPUIPlugin:80 - create IPUIPlugin
2025-10-09 21:27:53,278 [INFO] PluginManager:220 - loadIPPluginJar : add i2c
2025-10-09 21:27:53,280 [INFO] IPUIPlugin:80 - create IPUIPlugin
2025-10-09 21:27:53,281 [INFO] PluginManager:220 - loadIPPluginJar : add i2s
2025-10-09 21:27:53,285 [INFO] IPUIPlugin:80 - create IPUIPlugin
2025-10-09 21:27:53,285 [INFO] PluginManager:220 - loadIPPluginJar : add i3c
2025-10-09 21:27:53,288 [INFO] IPUIPlugin:80 - create IPUIPlugin
2025-10-09 21:27:53,288 [INFO] PluginManager:220 - loadIPPluginJar : add ipddr
2025-10-09 21:27:53,296 [INFO] IPUIPlugin:80 - create IPUIPlugin
2025-10-09 21:27:53,296 [INFO] PluginManager:220 - loadIPPluginJar : add linkedlist
2025-10-09 21:27:53,300 [INFO] IPUIPlugin:80 - create IPUIPlugin
2025-10-09 21:27:53,300 [INFO] PluginManager:220 - loadIPPluginJar : add lorawan
2025-10-09 21:27:53,302 [INFO] IPUIPlugin:80 - create IPUIPlugin
2025-10-09 21:27:53,302 [INFO] PluginManager:220 - loadIPPluginJar : add ltdc
2025-10-09 21:27:53,309 [INFO] IPUIPlugin:80 - create IPUIPlugin
2025-10-09 21:27:53,309 [INFO] PluginManager:220 - loadIPPluginJar : add mdma
2025-10-09 21:27:53,312 [INFO] IPUIPlugin:80 - create IPUIPlugin
2025-10-09 21:27:53,313 [INFO] PluginManager:220 - loadIPPluginJar : add nvic
2025-10-09 21:27:53,316 [INFO] IPUIPlugin:80 - create IPUIPlugin
2025-10-09 21:27:53,316 [INFO] PluginManager:220 - loadIPPluginJar : add opamp
2025-10-09 21:27:53,319 [INFO] IPUIPlugin:80 - create IPUIPlugin
2025-10-09 21:27:53,320 [INFO] PluginManager:220 - loadIPPluginJar : add openamp
2025-10-09 21:27:53,323 [INFO] IPUIPlugin:80 - create IPUIPlugin
2025-10-09 21:27:53,323 [INFO] PluginManager:220 - loadIPPluginJar : add pdm2pcm
2025-10-09 21:27:53,330 [INFO] IPUIPlugin:80 - create IPUIPlugin
2025-10-09 21:27:53,333 [INFO] PluginManager:220 - loadIPPluginJar : add plateformsettings
2025-10-09 21:27:53,334 [INFO] IPUIPlugin:80 - create IPUIPlugin
2025-10-09 21:27:53,335 [INFO] PluginManager:220 - loadIPPluginJar : add quadspi
2025-10-09 21:27:53,336 [INFO] IPUIPlugin:80 - create IPUIPlugin
2025-10-09 21:27:53,337 [INFO] PluginManager:220 - loadIPPluginJar : add radio
2025-10-09 21:27:53,339 [INFO] IPUIPlugin:80 - create IPUIPlugin
2025-10-09 21:27:53,340 [INFO] PluginManager:220 - loadIPPluginJar : add resmgrutility
2025-10-09 21:27:53,342 [INFO] IPUIPlugin:80 - create IPUIPlugin
2025-10-09 21:27:53,342 [INFO] PluginManager:220 - loadIPPluginJar : add sai
2025-10-09 21:27:53,345 [INFO] IPUIPlugin:80 - create IPUIPlugin
2025-10-09 21:27:53,345 [INFO] PluginManager:220 - loadIPPluginJar : add spi
2025-10-09 21:27:53,351 [INFO] IPUIPlugin:80 - create IPUIPlugin
2025-10-09 21:27:53,351 [INFO] PluginManager:220 - loadIPPluginJar : add stm32_wpan
2025-10-09 21:27:53,353 [INFO] IPUIPlugin:80 - create IPUIPlugin
2025-10-09 21:27:53,354 [INFO] PluginManager:220 - loadIPPluginJar : add tim
2025-10-09 21:27:53,357 [INFO] IPUIPlugin:80 - create IPUIPlugin
2025-10-09 21:27:53,357 [INFO] PluginManager:220 - loadIPPluginJar : add touchsensing
2025-10-09 21:27:53,360 [INFO] IPUIPlugin:80 - create IPUIPlugin
2025-10-09 21:27:53,360 [INFO] PluginManager:220 - loadIPPluginJar : add tracer_emb
2025-10-09 21:27:53,362 [INFO] IPUIPlugin:80 - create IPUIPlugin
2025-10-09 21:27:53,362 [INFO] PluginManager:220 - loadIPPluginJar : add ts
2025-10-09 21:27:53,363 [INFO] IPUIPlugin:80 - create IPUIPlugin
2025-10-09 21:27:53,363 [INFO] PluginManager:220 - loadIPPluginJar : add tsc
2025-10-09 21:27:53,365 [INFO] IPUIPlugin:80 - create IPUIPlugin
2025-10-09 21:27:53,365 [INFO] PluginManager:220 - loadIPPluginJar : add ucpd
2025-10-09 21:27:53,368 [INFO] IPUIPlugin:80 - create IPUIPlugin
2025-10-09 21:27:53,368 [INFO] PluginManager:220 - loadIPPluginJar : add usart
2025-10-09 21:27:53,371 [INFO] IPUIPlugin:80 - create IPUIPlugin
2025-10-09 21:27:53,371 [INFO] PluginManager:220 - loadIPPluginJar : add usbx
2025-10-09 21:27:53,510 [FATAL] Updater:351 - Updater called before beeing initialized
2025-10-09 21:27:53,539 [INFO] RulesReader:64 - Compatibility file has been processed (317 Rules)
2025-10-09 21:27:53,549 [INFO] RulesReader:64 - Compatibility file has been processed (317 Rules)
2025-10-09 21:27:53,561 [INFO] CADModel:165 - CPN selected for project level
2025-10-09 21:27:53,562 [INFO] CADModel:114 - Register for checkConnection events
2025-10-09 21:27:53,562 [FATAL] Updater:351 - Updater called before beeing initialized
2025-10-09 21:27:53,562 [ERROR] CADModel:125 - Updater not yet initialized, retry later 
2025-10-09 21:27:53,728 [FATAL] Updater:351 - Updater called before beeing initialized
2025-10-09 21:27:53,729 [INFO] CADModel:165 - CPN selected for project level
2025-10-09 21:27:53,730 [INFO] CADModel:114 - Register for checkConnection events
2025-10-09 21:27:53,730 [FATAL] Updater:351 - Updater called before beeing initialized
2025-10-09 21:27:53,730 [ERROR] CADModel:125 - Updater not yet initialized, retry later 
2025-10-09 21:27:53,733 [FATAL] Updater:351 - Updater called before beeing initialized
2025-10-09 21:27:53,855 [FATAL] Updater:351 - Updater called before beeing initialized
2025-10-09 21:27:53,860 [INFO] DbMcusAds:53 - JSON generation date=Tue Jul 08 13:44:23 IST 2025 (1751962463524)
2025-10-09 21:27:53,861 [FATAL] Updater:351 - Updater called before beeing initialized
2025-10-09 21:27:53,897 [WARN] DetailPanel:346 - Failed to get advertising image, set to default
2025-10-09 21:27:53,984 [FATAL] Updater:351 - Updater called before beeing initialized
2025-10-09 21:27:53,986 [FATAL] Updater:351 - Updater called before beeing initialized
2025-10-09 21:27:53,986 [FATAL] Updater:351 - Updater called before beeing initialized
2025-10-09 21:27:53,986 [WARN] DetailPanel:346 - Failed to get advertising image, set to default
2025-10-09 21:27:53,988 [FATAL] Updater:351 - Updater called before beeing initialized
2025-10-09 21:27:54,042 [ERROR] Updater:1198 - MainUpdater not yet initialized. External WinMGr cannot be set.
2025-10-09 21:27:54,044 [INFO] Updater:1134 - Updater Version found : 6.15.0
2025-10-09 21:27:54,063 [INFO] ApplicationProperties:184 - Using Application install path: C:\ST\STM32CubeIDE_1.18.0\STM32CubeIDE\plugins\com.st.stm32cube.common.mx_6.15.0.202507011659
2025-10-09 21:27:54,088 [INFO] McuFinderGlobals:63 - Set McuFinder mode to 2 (CubeIDE integrated)
2025-10-09 21:27:55,636 [ERROR] LogOutputStream:75 - [STDERR_REDIRECT] Oct 09, 2025 9:27:55 PM java.util.prefs.WindowsPreferences <init>
2025-10-09 21:27:55,637 [ERROR] LogOutputStream:75 - [STDERR_REDIRECT] WARNING: Could not open/create prefs root node Software\JavaSoft\Prefs at root 0xffffffff80000002. Windows RegCreateKeyEx(...) returned error code 5.
2025-10-09 21:27:55,637 [ERROR] LogOutputStream:75 - [STDERR_REDIRECT] 
2025-10-09 21:27:55,699 [INFO] ThirdPartyUpdaterWithRetryManager:70 - Updater plugin not ready yet. [2/15]
2025-10-09 21:27:56,181 [INFO] MainUpdater:2872 - connection check result : 10
2025-10-09 21:27:56,182 [INFO] MainUpdater:3604 - Updater definition file requires update
2025-10-09 21:27:56,182 [INFO] MainUpdater:289 - Updater Check For Update Now.
2025-10-09 21:27:56,184 [INFO] MicroXplorer:498 - Change Database Version : DB.6.0.150
2025-10-09 21:27:56,189 [INFO] McuFinderGlobals:63 - Set McuFinder mode to 2 (CubeIDE integrated)
2025-10-09 21:27:56,190 [INFO] UserAuth:487 - Internet connection configuration mode: 1
2025-10-09 21:27:56,208 [INFO] JxBrowserEngine:152 - Initiate JxBrowser Engine with user profile folder
2025-10-09 21:27:56,951 [INFO] WebApp:169 - Instantiating new browser for Auth
2025-10-09 21:27:57,668 [INFO] ServerAccessManage:452 - Complete download http(s) 200
2025-10-09 21:27:57,670 [INFO] ServerAccessManage:509 - Download File updaters.zip
2025-10-09 21:27:57,699 [INFO] WebApp:463 - Apply proxy settings
2025-10-09 21:27:57,700 [INFO] WebApp:548 - Chromium requires no authentication
2025-10-09 21:27:57,715 [INFO] WebApp:491 - Direct internet connection detected
2025-10-09 21:27:57,743 [INFO] WebApp:900 - Register for checkConnection events
2025-10-09 21:27:57,743 [INFO] WebApp:463 - Apply proxy settings
2025-10-09 21:27:57,743 [INFO] WebApp:548 - Chromium requires no authentication
2025-10-09 21:27:57,744 [INFO] WebApp:491 - Direct internet connection detected
2025-10-09 21:27:57,881 [INFO] FileExtend:248 - Unzip File : updaters.zip
2025-10-09 21:27:57,881 [INFO] FileExtend:263 - Standard Zip Deflate
2025-10-09 21:27:58,096 [INFO] WebApp:225 - Starting web application
2025-10-09 21:27:58,097 [INFO] WebApp:593 - Web application path used C:\ST\STM32CubeIDE_1.18.0\STM32CubeIDE\plugins\com.st.stm32cube.common.mx_6.15.0.202507011659\db\plugins\mcufinder\reactClient1\index.html
2025-10-09 21:27:58,240 [INFO] UserAuth:487 - Internet connection configuration mode: 1
2025-10-09 21:27:58,272 [INFO] WebApp:191 - Connection restablished
2025-10-09 21:27:58,699 [WARN] MainUpdater:1193 - Updater busy. Cannot search thirdparties
2025-10-09 21:27:58,699 [INFO] ThirdPartyUpdaterWithRetryManager:96 - Updater plugin is busy. [1/15]
2025-10-09 21:27:58,853 [INFO] ServerAccessManage:452 - Complete download http(s) 200
2025-10-09 21:27:58,854 [INFO] ServerAccessManage:509 - Download File PacksControlFlags.xml
2025-10-09 21:27:59,283 [INFO] ServerAccessManage:452 - Complete download http(s) 200
2025-10-09 21:27:59,283 [INFO] ServerAccessManage:509 - Download File cubemx.pidx
2025-10-09 21:28:00,490 [INFO] ServerAccessManage:452 - Complete download http(s) 200
2025-10-09 21:28:00,491 [INFO] ServerAccessManage:509 - Download File STMicroelectronics.X-CUBE-IPS.pdsc
2025-10-09 21:28:01,701 [WARN] MainUpdater:1193 - Updater busy. Cannot search thirdparties
2025-10-09 21:28:01,701 [INFO] ThirdPartyUpdaterWithRetryManager:96 - Updater plugin is busy. [2/15]
2025-10-09 21:28:03,636 [WARN] PackLoader:240 - Cannot read IP mode file for STMicroelectronics.X-CUBE-IPS.3.2.0
2025-10-09 21:28:03,649 [INFO] PopulateThirdPartyThread:66 - Ending populate Thread
2025-10-09 21:28:03,651 [INFO] ThirdParty:1030 - CMSIS Pack Vendor :STMicroelectronics X-CUBE-IPS 3.2.0
2025-10-09 21:28:03,652 [INFO] LoadServerUpdatesThread:375 - End of LoadServerUpdate Thread
2025-10-09 21:28:03,696 [INFO] CheckServerUpdateThread:120 - End of CheckServer Thread
2025-10-09 21:28:03,814 [INFO] MainUpdater:2872 - connection check result : 10
2025-10-09 21:28:03,818 [INFO] McuFinderGlobals:76 - Set McuFinderConnectedMode to true
2025-10-09 21:28:04,701 [WARN] MainUpdater:1193 - Updater busy. Cannot search thirdparties
2025-10-09 21:28:04,701 [INFO] ThirdPartyUpdaterWithRetryManager:96 - Updater plugin is busy. [3/15]
2025-10-09 21:28:05,124 [INFO] ServerAccessManage:452 - Complete download http(s) 200
2025-10-09 21:28:05,124 [INFO] ServerAccessManage:509 - Download File mcusAds.json._tmp_
2025-10-09 21:28:05,244 [INFO] LoadUrlFilesThread:156 - End of LoadUrlFiles Thread
2025-10-09 21:28:05,656 [INFO] ServerAccessManage:452 - Complete download http(s) 200
2025-10-09 21:28:05,657 [INFO] ServerAccessManage:509 - Download File cube-finder-db.zip
2025-10-09 21:28:07,702 [WARN] MainUpdater:1193 - Updater busy. Cannot search thirdparties
2025-10-09 21:28:07,702 [INFO] ThirdPartyUpdaterWithRetryManager:96 - Updater plugin is busy. [4/15]
2025-10-09 21:28:09,275 [INFO] FileExtend:248 - Unzip File : cube-finder-db.zip
2025-10-09 21:28:09,275 [INFO] FileExtend:263 - Standard Zip Deflate
2025-10-09 21:28:10,057 [INFO] LoadUrlFilesThread:156 - End of LoadUrlFiles Thread
2025-10-09 21:28:10,703 [WARN] MainUpdater:1193 - Updater busy. Cannot search thirdparties
2025-10-09 21:28:10,703 [INFO] ThirdPartyUpdaterWithRetryManager:96 - Updater plugin is busy. [5/15]
2025-10-09 21:28:11,121 [INFO] ServerAccessManage:452 - Complete download http(s) 200
2025-10-09 21:28:11,122 [INFO] ServerAccessManage:509 - Download File crdb.zip
2025-10-09 21:28:12,204 [INFO] FileExtend:248 - Unzip File : crdb.zip
2025-10-09 21:28:12,204 [INFO] FileExtend:263 - Standard Zip Deflate
2025-10-09 21:28:12,330 [INFO] LoadUrlFilesThread:156 - End of LoadUrlFiles Thread
2025-10-09 21:28:12,592 [INFO] ServerAccessManage:452 - Complete download http(s) 200
2025-10-09 21:28:12,592 [INFO] ServerAccessManage:509 - Download File tutoVideoDB.zip
2025-10-09 21:28:12,670 [INFO] FileExtend:248 - Unzip File : tutoVideoDB.zip
2025-10-09 21:28:12,670 [INFO] FileExtend:263 - Standard Zip Deflate
2025-10-09 21:28:12,781 [INFO] LoadUrlFilesThread:156 - End of LoadUrlFiles Thread
2025-10-09 21:28:12,784 [WARN] DbFile:41 - Overriding database path with different value: C:\Users\anish\.stmcufinder\plugins\mcufinder/ => C:\Users\anish\.stmcufinder\plugins\mcufinder
2025-10-09 21:28:12,997 [INFO] ServerAccessManage:452 - Complete download http(s) 200
2025-10-09 21:28:12,997 [INFO] ServerAccessManage:509 - Download File api_config.json
2025-10-09 21:28:13,109 [INFO] LoadUrlFilesThread:156 - End of LoadUrlFiles Thread
2025-10-09 21:28:13,110 [INFO] DbMcusAds:53 - JSON generation date=Thu Oct 02 15:06:05 IST 2025 (1759397765645)
2025-10-09 21:28:13,704 [WARN] MainUpdater:1193 - Updater busy. Cannot search thirdparties
2025-10-09 21:28:13,704 [INFO] ThirdPartyUpdaterWithRetryManager:96 - Updater plugin is busy. [6/15]
2025-10-09 21:28:13,886 [INFO] ServerAccessManage:452 - Complete download http(s) 200
2025-10-09 21:28:13,886 [INFO] ServerAccessManage:509 - Download File 
2025-10-09 21:28:13,985 [INFO] LoadUrlFilesThread:185 - End of LoadServerUrlFiles without Thread
2025-10-09 21:28:13,985 [INFO] TargetSelectorAdapter:259 - Refresh data is successful
2025-10-09 21:28:14,105 [INFO] ApiDb:581 - Connected to CubeFinder SQLite database (C:\Users\anish\.stmcufinder\plugins\mcufinder\mcu\cube-finder-db.db)
2025-10-09 21:28:14,181 [INFO] ApiDb:668 - CubeFinder database Data Model version=2.1
2025-10-09 21:28:14,182 [INFO] ApiDb:669 - CubeFinder database Configuration version=3.0.39
2025-10-09 21:28:14,182 [INFO] ApiDb:670 - CubeFinder database generation date=2025-08-25 (1756130511)
2025-10-09 21:28:14,182 [INFO] ApiDb:671 - CubeFinder database FW Pack versions=[FP-ATR-ASTRA1_V2.0.0, FP-SNS-FLIGHT1_V5.1.0, FP-SNS-MOTENV1_V5.0.0, FP-SNS-MOTENVWB1_V1.4.0, FP-SNS-SMARTAG2_V1.2.0, FP-SNS-STBOX1_V2.1.0, STM32Cube_FW_C0_V1.4.0, STM32Cube_FW_F4_V1.28.3, STM32Cube_FW_F7_V1.17.4, STM32Cube_FW_G0_V1.6.2, STM32Cube_FW_G4_V1.6.1, STM32Cube_FW_H5_V1.5.0, STM32Cube_FW_H7RS_V1.2.0, STM32Cube_FW_H7_V1.12.1, STM32Cube_FW_L0_V1.12.2, STM32Cube_FW_L4_V1.18.1, STM32Cube_FW_L5_V1.5.1, STM32Cube_FW_N6_V1.2.0, STM32Cube_FW_U0_V1.3.0, STM32Cube_FW_U3_V1.2.0, STM32Cube_FW_U5_V1.8.0, STM32Cube_FW_WB0_V1.3.0, STM32Cube_FW_WBA_V1.7.0, STM32Cube_FW_WB_V1.23.0, STM32Cube_FW_WL3_V1.2.0, STM32Cube_FW_WL_V1.3.1, X-CUBE-ALGOBUILD_V1.4.0, X-CUBE-ALS_V1.0.2, X-CUBE-AZRTOS-F4_V1.1.0, X-CUBE-AZRTOS-F7_V1.1.0, X-CUBE-AZRTOS-G0_V1.1.0, X-CUBE-AZRTOS-G4_V2.0.0, X-CUBE-AZRTOS-H7RS_V1.1.0, X-CUBE-AZRTOS-H7_V3.4.0, X-CUBE-AZRTOS-L4_V2.0.0, X-CUBE-AZRTOS-L5_V2.0.0, X-CUBE-AZRTOS-WB_V2.0.0, X-CUBE-AZRTOS-WL_V2.0.0, X-CUBE-BLE1_V7.1.0, X-CUBE-BLE2_V3.3.0, X-CUBE-BLEMGR_V4.1.0, X-CUBE-EEPRMA1_V5.2.0, X-CUBE-FREERTOS_V1.3.1, X-CUBE-GNSS1_V6.0.0, X-CUBE-MEMS1_V11.3.0, X-CUBE-NFC4_V3.0.0, X-CUBE-NFC7_V2.0.0, X-CUBE-SFXS2LP1_V4.0.0, X-CUBE-ST67W61_V1.0.0, X-CUBE-SUBG2_V5.0.0, X-CUBE-TOF1_V3.4.3]
2025-10-09 21:28:16,781 [INFO] ApiDb:240 - Found 880 in-development CPN: [B-G473E-ZEST1S, B-WB1M-WPAN1, B-WBA5M-WPAN, B-WL5M-SUBG1, NUCLEO-C031C6, NUCLEO-C051C8, NUCLEO-C071RB, NUCLEO-C092RC, NUCLEO-H503RB, NUCLEO-H533RE, NUCLEO-H563ZI, NUCLEO-H7S3L8, NUCLEO-N657X0-Q, NUCLEO-U031R8, NUCLEO-U083RC, NUCLEO-U385RG-Q, NUCLEO-U545RE-Q, NUCLEO-U5A5ZJ-Q, NUCLEO-WB05KZ, NUCLEO-WB07CC, NUCLEO-WB09KE, NUCLEO-WBA52CG, NUCLEO-WBA55CG, NUCLEO-WL33CC1, NUCLEO-WL33CC2, STEVAL-PROTEUS1, STEVAL-SMARTAG2, STEVAL-STWINBX1, STM320518-EVAL, STM32C0116-DK, STM32C011D6Y3TR, STM32C011D6Y6TR, STM32C011F4P3, STM32C011F4P6, STM32C011F4U3, STM32C011F4U6TR, STM32C011F6P3, STM32C011F6P6, STM32C011F6U3, STM32C011F6U6TR, STM32C011J4M3, STM32C011J4M6, STM32C011J6M3, STM32C011J6M6, STM32C0316-DK, STM32C031C4T3, STM32C031C4T6, STM32C031C4U3, STM32C031C4U6, STM32C031C6T3, STM32C031C6T6, STM32C031C6U3, STM32C031C6U6, STM32C031F4P3, STM32C031F4P6, STM32C031F6P3, STM32C031F6P6, STM32C031G4U3, STM32C031G4U6, STM32C031G6U3, STM32C031G6U6, STM32C031K4T3, STM32C031K4T6, STM32C031K4U3, STM32C031K4U6, STM32C031K6T3, STM32C031K6T6, STM32C031K6U3, STM32C031K6U6, STM32C051C6T6, STM32C051C6U6, STM32C051C8T6, STM32C051C8U6, STM32C051D8Y6TR, STM32C051F6P6, STM32C051F8P6, STM32C051G6U6, STM32C051G8U6, STM32C051K6T6, STM32C051K6U6, STM32C051K8T6, STM32C071C8T6, STM32C071C8T6N, STM32C071C8U6, STM32C071C8U6N, STM32C071CBT6, STM32C071CBT6N, STM32C071CBU6, STM32C071CBU6N, STM32C071F8P6, STM32C071F8P6N, STM32C071FBP6, STM32C071FBP6N, STM32C071FBY6TR, STM32C071G8U6, STM32C071G8U6N, STM32C071GBU6, STM32C071GBU6N, STM32C071K8T6, STM32C071K8T6N, STM32C071K8U6, STM32C071K8U6N, STM32C071KBT6, STM32C071KBT6N, STM32C071KBU6, STM32C071KBU6N, STM32C071R8T6, STM32C071R8T6N, STM32C071RBI6N, STM32C071RBT6, STM32C071RBT6N, STM32C091CBT6, STM32C091CBU6, STM32C091CCT6, STM32C091CCU6, STM32C091ECY6TR, STM32C091FBP6, STM32C091FCP6, STM32C091GBU6, STM32C091GCU6, STM32C091KBT6, STM32C091KBU6, STM32C091KCT6, STM32C091KCU6, STM32C091RBT6, STM32C091RCI6, STM32C091RCT6, STM32C092CBT6, STM32C092CBU6, STM32C092CCT6, STM32C092CCU6, STM32C092ECY6TR, STM32C092FBP6, STM32C092FCP6, STM32C092GBU6, STM32C092GCU6, STM32C092KBT6, STM32C092KBU6, STM32C092KCT6, STM32C092KCU6, STM32C092RBT6, STM32C092RCI6, STM32C092RCT6, STM32G071K8TXN, STM32G071K8UXN, STM32G081GBU6N, STM32G081KBT6N, STM32G081KBUXN, STM32G0B1CCT6N, STM32G0B1KCT6, STM32G0B1NEY6TR, STM32G0B1RCT6N, STM32G0C1CCT6, STM32G0C1CCT6N, STM32G0C1CCU6N, STM32G0C1CET6N, STM32G0C1CEU6N, STM32G0C1KCT6, STM32G0C1NEY6TR, STM32G0C1RCI6N, STM32G0C1RCT6N, STM32G0C1REI6N, STM32G0C1RET6N, STM32G0C1VCI6, STM32G0C1VEI6, STM32G411C6T3, STM32G411C6T6, STM32G411C6U3, STM32G411C6U6, STM32G411C8T3, STM32G411C8T6, STM32G411C8U3, STM32G411C8U6, STM32G411CBT3, STM32G411CBT6, STM32G411CBU3, STM32G411CBU6, STM32G411K6T3, STM32G411K6T6, STM32G411K6U3, STM32G411K6U6, STM32G411K8T3, STM32G411K8T6, STM32G411K8U3, STM32G411K8U6, STM32G411KBT3, STM32G411KBT6, STM32G411KBU3, STM32G411KBU6, STM32G411M6T3, STM32G411M6T6, STM32G411M8T3, STM32G411M8T6, STM32G411MBT3, STM32G411MBT6, STM32G411R6T3, STM32G411R6T6, STM32G411R8T3, STM32G411R8T6, STM32G411RBT3, STM32G411RBT6, STM32G414CBT3, STM32G414CBT6, STM32G414CBU3, STM32G414CBU6, STM32G414CCT3, STM32G414CCT6, STM32G414CCU3, STM32G414CCU6, STM32G414MBT3, STM32G414MBT6, STM32G414MCT3, STM32G414MCT6, STM32G414RBT3, STM32G414RBT6, STM32G414RCT3, STM32G414RCT6, STM32G414VBT3, STM32G414VBT6, STM32G414VCT3, STM32G414VCT6, STM32G431CBT3Z, STM32G431RBT3Z, STM32G471CCT6, STM32G471CCU6, STM32G471CET3, STM32G471CET6, STM32G471CEU3, STM32G471CEU6, STM32G471MCT6, STM32G471MET3, STM32G471MET6, STM32G471MEY6TR, STM32G471QCT6, STM32G471QET3, STM32G471RCT6, STM32G471RET3, STM32G471RET6, STM32G471VCH6, STM32G471VCI6, STM32G471VCT6, STM32G471VEH3, STM32G471VEH6, STM32G471VEI3, STM32G471VEI6, STM32G471VET3, STM32G471VET6, STM32G473QET3Z, STM32G473RET3Z, STM32G474CCT6, STM32G491RET3Z, STM32H503CBT6, STM32H503CBU6, STM32H503EBY6TR, STM32H503KBU6, STM32H503RBT6, STM32H523CCT6, STM32H523CCU6, STM32H523CET6, STM32H523CEU6, STM32H523HEY6TR, STM32H523RCT6, STM32H523RET6, STM32H523VCI6, STM32H523VCT6, STM32H523VEI6, STM32H523VET6, STM32H523ZCJ6, STM32H523ZCT6, STM32H523ZEJ6, STM32H523ZET6, STM32H533CET6, STM32H533CEU6, STM32H533HEY6TR, STM32H533RET6, STM32H533VEI6, STM32H533VET6, STM32H533ZEJ6, STM32H533ZET6, STM32H562AGI6, STM32H562AII6, STM32H562IGK6, STM32H562IGT6, STM32H562IIK6, STM32H562IIT6, STM32H562RGT6, STM32H562RGV6, STM32H562RIT6, STM32H562RIV6, STM32H562VGT6, STM32H562VIT6, STM32H562ZGT6, STM32H562ZIT6, STM32H563AGI6, STM32H563AII3Q, STM32H563AII6, STM32H563IGK6, STM32H563IGT6, STM32H563IIK3Q, STM32H563IIK6, STM32H563IIT3Q, STM32H563IIT6, STM32H563MIY3QTR, STM32H563RGT6, STM32H563RGV6, STM32H563RIT6, STM32H563RIV6, STM32H563VGT6, STM32H563VIT3Q, STM32H563VIT6, STM32H563ZGT6, STM32H563ZIT3Q, STM32H563ZIT6, STM32H573AII3Q, STM32H573AII6, STM32H573I-DK, STM32H573IIK3Q, STM32H573IIK6, STM32H573IIT3Q, STM32H573IIT6, STM32H573MIY3QTR, STM32H573RIT6, STM32H573RIV6, STM32H573VIT3Q, STM32H573VIT6, STM32H573ZIT3Q, STM32H573ZIT6, STM32H7R3A8I6, STM32H7R3I8K6, STM32H7R3I8T6, STM32H7R3L8H6, STM32H7R3L8H6H, STM32H7R3R8V6, STM32H7R3V8H6, STM32H7R3V8T6, STM32H7R3V8Y6TR, STM32H7R3Z8J6, STM32H7R3Z8T6, STM32H7R7A8I6, STM32H7R7I8K6, STM32H7R7I8T6, STM32H7R7L8H6, STM32H7R7L8H6H, STM32H7R7Z8J6, STM32H7S3A8I6, STM32H7S3I8K6, STM32H7S3I8T6, STM32H7S3L8H6, STM32H7S3L8H6H, STM32H7S3R8V6, STM32H7S3V8H6, STM32H7S3V8T6, STM32H7S3V8Y6TR, STM32H7S3Z8J6, STM32H7S3Z8T6, STM32H7S78-DK, STM32H7S7A8I6, STM32H7S7I8K6, STM32H7S7I8T6, STM32H7S7L8H6, STM32H7S7L8H6H, STM32H7S7Z8J6, STM32L4R5QGI6STR, STM32MP131AAE3, STM32MP131AAF3, STM32MP131AAG3, STM32MP131CAE3, STM32MP131CAF3, STM32MP131CAG3, STM32MP131DAE7, STM32MP131DAF7, STM32MP131DAG7, STM32MP131FAE7, STM32MP131FAF7, STM32MP131FAG7, STM32MP133AAE3, STM32MP133AAF3, STM32MP133AAG3, STM32MP133CAE3, STM32MP133CAF3, STM32MP133CAG3, STM32MP133DAE7, STM32MP133DAF7, STM32MP133DAG7, STM32MP133FAE7, STM32MP133FAF7, STM32MP133FAG7, STM32MP135AAE3, STM32MP135AAF3, STM32MP135AAG3, STM32MP135CAE3, STM32MP135CAF3, STM32MP135CAG3, STM32MP135DAE7, STM32MP135DAF7, STM32MP135DAG7, STM32MP135F-DK, STM32MP135FAE7, STM32MP135FAF7, STM32MP135FAF7T, STM32MP135FAF7U, STM32MP135FAG7, STM32MP211AAL3, STM32MP211AAM3, STM32MP211AAN3, STM32MP211AAO3, STM32MP211CAL3, STM32MP211CAM3, STM32MP211CAN3, STM32MP211CAO3, STM32MP211DAL3, STM32MP211DAM3, STM32MP211DAN3, STM32MP211DAO3, STM32MP211FAL3, STM32MP211FAM3, STM32MP211FAN3, STM32MP211FAO3, STM32MP213AAL3, STM32MP213AAM3, STM32MP213AAN3, STM32MP213AAO3, STM32MP213CAL3, STM32MP213CAM3, STM32MP213CAN3, STM32MP213CAO3, STM32MP213DAL3, STM32MP213DAM3, STM32MP213DAN3, STM32MP213DAO3, STM32MP213FAL3, STM32MP213FAM3, STM32MP213FAN3, STM32MP213FAO3, STM32MP215AAL3, STM32MP215AAM3, STM32MP215AAN3, STM32MP215AAO3, STM32MP215CAL3, STM32MP215CAM3, STM32MP215CAN3, STM32MP215CAO3, STM32MP215DAL3, STM32MP215DAM3, STM32MP215DAN3, STM32MP215DAO3, STM32MP215F-DK, STM32MP215FAL3, STM32MP215FAM3, STM32MP215FAN3, STM32MP215FAO3, STM32MP231AAJ3, STM32MP231AAK3, STM32MP231AAL3, STM32MP231CAJ3, STM32MP231CAK3, STM32MP231CAL3, STM32MP231DAJ3, STM32MP231DAK3, STM32MP231DAL3, STM32MP231FAJ3, STM32MP231FAK3, STM32MP231FAL3, STM32MP233AAJ3, STM32MP233AAK3, STM32MP233AAL3, STM32MP233CAJ3, STM32MP233CAK3, STM32MP233CAL3, STM32MP233DAJ3, STM32MP233DAK3, STM32MP233DAL3, STM32MP233FAJ3, STM32MP233FAK3, STM32MP233FAL3, STM32MP235AAJ3, STM32MP235AAK3, STM32MP235AAL3, STM32MP235CAJ3, STM32MP235CAK3, STM32MP235CAL3, STM32MP235DAJ3, STM32MP235DAK3, STM32MP235DAL3, STM32MP235FAJ3, STM32MP235FAK3, STM32MP235FAL3, STM32MP251AAI3, STM32MP251AAK3, STM32MP251AAL3, STM32MP251CAI3, STM32MP251CAK3, STM32MP251CAL3, STM32MP251DAI3, STM32MP251DAK3, STM32MP251DAL3, STM32MP251FAI3, STM32MP251FAK3, STM32MP251FAL3, STM32MP253AAI3, STM32MP253AAK3, STM32MP253AAL3, STM32MP253CAI3, STM32MP253CAK3, STM32MP253CAL3, STM32MP253DAI3, STM32MP253DAK3, STM32MP253DAL3, STM32MP253FAI3, STM32MP253FAK3, STM32MP253FAL3, STM32MP255AAI3, STM32MP255AAK3, STM32MP255AAL3, STM32MP255CAI3, STM32MP255CAK3, STM32MP255CAL3, STM32MP255DAI3, STM32MP255DAK3, STM32MP255DAL3, STM32MP255FAI3, STM32MP255FAK3, STM32MP255FAL3, STM32MP257AAI3, STM32MP257AAK3, STM32MP257AAL3, STM32MP257CAI3, STM32MP257CAK3, STM32MP257CAL3, STM32MP257DAI3, STM32MP257DAK3, STM32MP257DAL3, STM32MP257F-DK, STM32MP257F-EV1, STM32MP257FAI3, STM32MP257FAK3, STM32MP257FAL3, STM32N645A0H3Q, STM32N645B0H3Q, STM32N645I0H3Q, STM32N645L0H3Q, STM32N645X0H3Q, STM32N645Z0H3Q, STM32N647A0H3Q, STM32N647B0H3Q, STM32N647I0H3Q, STM32N647L0H3Q, STM32N647X0H3Q, STM32N647Z0H3Q, STM32N655A0H3Q, STM32N655B0H3Q, STM32N655I0H3Q, STM32N655L0H3Q, STM32N655X0H3Q, STM32N655Z0H3Q, STM32N6570-DK, STM32N657A0H3Q, STM32N657B0H3Q, STM32N657I0H3Q, STM32N657L0H3Q, STM32N657X0H3Q, STM32N657Z0H3Q, STM32U031C6T6, STM32U031C6U6, STM32U031C8T6, STM32U031C8U6, STM32U031F4P6, STM32U031F6P6, STM32U031F8P6, STM32U031G6Y6TR, STM32U031G8Y6TR, STM32U031K4U6, STM32U031K6U6, STM32U031K8U6, STM32U031R6I6, STM32U031R6T6, STM32U031R8I6, STM32U031R8T6, STM32U073C8T6, STM32U073C8U6, STM32U073CBT6, STM32U073CBU6, STM32U073CCT6, STM32U073CCU6, STM32U073H8Y6TR, STM32U073HBY6TR, STM32U073HCY6TR, STM32U073K8U6, STM32U073KBU6, STM32U073KCU6, STM32U073M8I6, STM32U073M8T6, STM32U073MBI6, STM32U073MBT6, STM32U073MCI6, STM32U073MCT6, STM32U073R8I6, STM32U073R8T6, STM32U073RBI6, STM32U073RBT6, STM32U073RCI6, STM32U073RCT6, STM32U083C-DK, STM32U083CCT6, STM32U083CCU6, STM32U083HCY6TR, STM32U083KCU6, STM32U083MCI6, STM32U083MCT6, STM32U083RCI6, STM32U083RCT6, STM32U375CET6, STM32U375CET6Q, STM32U375CEU6, STM32U375CEU6Q, STM32U375CEY6QTR, STM32U375CGT6, STM32U375CGT6Q, STM32U375CGU6, STM32U375CGU6Q, STM32U375CGY6QTR, STM32U375KEU6, STM32U375KGU6, STM32U375REI6, STM32U375REI6Q, STM32U375RET6, STM32U375RET6Q, STM32U375REY6GTR, STM32U375REY6QTR, STM32U375RGI6, STM32U375RGI6Q, STM32U375RGT6, STM32U375RGT6Q, STM32U375RGY6GTR, STM32U375RGY6QTR, STM32U375VEI6, STM32U375VEI6Q, STM32U375VET6, STM32U375VET6Q, STM32U375VGI6, STM32U375VGI6Q, STM32U375VGT6, STM32U375VGT6Q, STM32U385CGT6, STM32U385CGT6Q, STM32U385CGU6, STM32U385CGU6Q, STM32U385CGY6QTR, STM32U385KGU6, STM32U385RGI6, STM32U385RGI6Q, STM32U385RGT6, STM32U385RGT6Q, STM32U385RGY6GTR, STM32U385RGY6QTR, STM32U385VGI6, STM32U385VGI6Q, STM32U385VGT6, STM32U385VGT6Q, STM32U535CBT6, STM32U535CBT6Q, STM32U535CBU6, STM32U535CBU6Q, STM32U535CCT6, STM32U535CCT6Q, STM32U535CCU6, STM32U535CCU6Q, STM32U535CET6, STM32U535CET6Q, STM32U535CEU6, STM32U535CEU6Q, STM32U535JEY6QTR, STM32U535NCY6QTR, STM32U535NEY6QTR, STM32U535RBI6, STM32U535RBI6Q, STM32U535RBT6, STM32U535RBT6Q, STM32U535RCI6, STM32U535RCI6Q, STM32U535RCT6, STM32U535RCT6Q, STM32U535REI6, STM32U535REI6Q, STM32U535RET6, STM32U535RET6Q, STM32U535VCI6, STM32U535VCI6Q, STM32U535VCT6, STM32U535VCT6Q, STM32U535VEI6, STM32U535VEI6Q, STM32U535VET6, STM32U535VET6Q, STM32U545CET6, STM32U545CET6Q, STM32U545CEU6, STM32U545CEU6Q, STM32U545JEY6QTR, STM32U545NEY6QTR, STM32U545REI6, STM32U545REI6Q, STM32U545RET6, STM32U545RET6Q, STM32U545VEI6, STM32U545VEI6Q, STM32U545VET6, STM32U545VET6Q, STM32U595AIH6, STM32U595AIH6Q, STM32U595AJH6, STM32U595AJH6Q, STM32U595QII6, STM32U595QII6Q, STM32U595QJI6, STM32U595QJI6Q, STM32U595RIT6, STM32U595RIT6Q, STM32U595RJT6, STM32U595RJT6Q, STM32U595VIT6, STM32U595VIT6Q, STM32U595VJT6, STM32U595VJT6Q, STM32U595ZIT6, STM32U595ZIT6Q, STM32U595ZIY6QTR, STM32U595ZJT6, STM32U595ZJT6Q, STM32U595ZJY6QTR, STM32U599BJY6QTR, STM32U599NIH6Q, STM32U599NJH6Q, STM32U599VIT6Q, STM32U599VJT6, STM32U599VJT6Q, STM32U599ZIT6Q, STM32U599ZIY6QTR, STM32U599ZJT6Q, STM32U599ZJY6QTR, STM32U5A5AJH6, STM32U5A5AJH6Q, STM32U5A5QII3Q , STM32U5A5QJI6, STM32U5A5QJI6Q, STM32U5A5RJT6, STM32U5A5RJT6Q, STM32U5A5VJT6, STM32U5A5VJT6Q, STM32U5A5ZJT6, STM32U5A5ZJT6Q, STM32U5A5ZJY6QTR, STM32U5A9BJY6QTR, STM32U5A9J-DK, STM32U5A9NJH6Q, STM32U5A9VJT6Q, STM32U5A9ZJT6Q, STM32U5A9ZJY6QTR, STM32U5F7VIT6, STM32U5F7VIT6Q, STM32U5F7VJT6, STM32U5F7VJT6Q, STM32U5F9BJY6QTR, STM32U5F9NJH6Q, STM32U5F9VIT6Q, STM32U5F9VJT6Q, STM32U5F9ZIJ6QTR, STM32U5F9ZIT6Q, STM32U5F9ZJJ6QTR, STM32U5F9ZJT6Q, STM32U5G7VJT6, STM32U5G7VJT6Q, STM32U5G9BJY6QTR, STM32U5G9J-DK1, STM32U5G9J-DK2, STM32U5G9NJH6Q, STM32U5G9VJT6Q, STM32U5G9ZJJ6QTR, STM32U5G9ZJT6Q, STM32WB05KZV6TR, STM32WB05KZV7TR, STM32WB05TZF6TR, STM32WB05TZF7TR, STM32WB06CCF6TR, STM32WB06CCF7TR, STM32WB06CCV6TR, STM32WB06CCV7TR, STM32WB06KCV6TR, STM32WB06KCV7TR, STM32WB07CCF6TR, STM32WB07CCF7TR, STM32WB07CCV6TR, STM32WB07CCV7TR, STM32WB07KCV6TR, STM32WB07KCV7TR, STM32WB09KEV6TR, STM32WB09KEV7TR, STM32WB09TEF6TR, STM32WB09TEF7TR, STM32WB1MMCH6, STM32WBA50KGU6, STM32WBA50KGU6TR, STM32WBA52CEU6, STM32WBA52CEU6TR, STM32WBA52CEU7, STM32WBA52CEU7TR, STM32WBA52CGU6, STM32WBA52CGU6TR, STM32WBA52CGU6U, STM32WBA52CGU7, STM32WBA52CGU7TR, STM32WBA52KEU6, STM32WBA52KEU6TR, STM32WBA52KGU6, STM32WBA52KGU6TR, STM32WBA54CEU6, STM32WBA54CEU6TR, STM32WBA54CEU7, STM32WBA54CEU7TR, STM32WBA54CGU6, STM32WBA54CGU6TR, STM32WBA54CGU7, STM32WBA54CGU7TR, STM32WBA54KEU6, STM32WBA54KEU6TR, STM32WBA54KEU7, STM32WBA54KEU7TR, STM32WBA54KGU6, STM32WBA54KGU6TR, STM32WBA54KGU7, STM32WBA54KGU7TR, STM32WBA55CEU6, STM32WBA55CEU6TR, STM32WBA55CEU7, STM32WBA55CEU7TR, STM32WBA55CGU6, STM32WBA55CGU6TR, STM32WBA55CGU6U, STM32WBA55CGU7, STM32WBA55CGU7TR, STM32WBA55G-DK1, STM32WBA55HEF6, STM32WBA55HEF7, STM32WBA55HGF6, STM32WBA55HGF7, STM32WBA55UEI6, STM32WBA55UEI6TR, STM32WBA55UEI7, STM32WBA55UEI7TR, STM32WBA55UGI6, STM32WBA55UGI6TR, STM32WBA55UGI7, STM32WBA55UGI7TR, STM32WBA5MMGH6TR, STM32WBA62MGF6, STM32WBA62MIF6, STM32WBA65MGF7, STM32WBA65MIF6, STM32WBA65MIF7, STM32WL30K8V6, STM32WL30KBV6, STM32WL31C8V6, STM32WL31CBV6, STM32WL31K8V6, STM32WL31KBV6, STM32WL33C8V6, STM32WL33C8V6X, STM32WL33CBV6, STM32WL33CBV6X, STM32WL33CCV6, STM32WL33CCV6A, STM32WL33CCV6X, STM32WL33K8V7, STM32WL33K8V7X, STM32WL33KBV7 , STM32WL33KBV7X, STM32WL33KCV7, STM32WL33KCV7X, STM32WL5MOCH6, STM32WL5MOCH6TR]
2025-10-09 21:28:16,789 [INFO] DbMcus:218 - Found 4801 MCUs, 4801 are supported
2025-10-09 21:28:16,790 [INFO] ApiDb:423 - Load user favorites file C:\Users\anish/.stm32cubeide/favorites.mcus.txt: 0 item(s)
2025-10-09 21:28:16,790 [INFO] ApiDb:427 - User favorites MCUs=[]
2025-10-09 21:28:16,790 [INFO] DbMcus:224 - Set 0 / 0 favorites MCUs
2025-10-09 21:28:16,970 [WARN] PackLoader:240 - Cannot read IP mode file for STMicroelectronics.FP-SNS-MOTENVWB1.1.4.0
2025-10-09 21:28:16,979 [WARN] PackLoader:240 - Cannot read IP mode file for STMicroelectronics.FP-ATR-ASTRA1.2.0.2
2025-10-09 21:28:16,983 [WARN] PackLoader:240 - Cannot read IP mode file for STMicroelectronics.FP-ATR-ASTRA1.2.0.1
2025-10-09 21:28:16,992 [WARN] PackLoader:240 - Cannot read IP mode file for STMicroelectronics.X-CUBE-SMBUS.2.1.0
2025-10-09 21:28:17,001 [WARN] PackLoader:240 - Cannot read IP mode file for STMicroelectronics.X-CUBE-WB05N.1.1.0
2025-10-09 21:28:17,009 [WARN] PackLoader:240 - Cannot read IP mode file for STMicroelectronics.X-CUBE-ST60.1.0.0
2025-10-09 21:28:17,033 [WARN] PackLoader:240 - Cannot read IP mode file for STMicroelectronics.X-CUBE-AZRTOS-F7.1.1.0
2025-10-09 21:28:17,042 [WARN] PackLoader:240 - Cannot read IP mode file for STMicroelectronics.FP-SNS-FLIGHT1.5.0.2
2025-10-09 21:28:17,064 [WARN] PackLoader:240 - Cannot read IP mode file for Infineon.AIROC-Wi-Fi-Bluetooth-STM32.1.7.0
2025-10-09 21:28:17,089 [WARN] PackLoader:240 - Cannot read IP mode file for STMicroelectronics.X-CUBE-AZRTOS-H7.3.4.0
2025-10-09 21:28:17,100 [WARN] PackLoader:240 - Cannot read IP mode file for STMicroelectronics.X-CUBE-DISPLAY.3.0.0
2025-10-09 21:28:17,110 [WARN] PackLoader:240 - Cannot read IP mode file for STMicroelectronics.X-CUBE-BLE1.7.0.0
2025-10-09 21:28:17,118 [WARN] PackLoader:240 - Cannot read IP mode file for STMicroelectronics.X-CUBE-NFC10.1.0.0
2025-10-09 21:28:17,131 [WARN] PackLoader:240 - Cannot read IP mode file for STMicroelectronics.X-CUBE-BLEMGR.4.0.0
2025-10-09 21:28:17,143 [WARN] PackLoader:240 - Cannot read IP mode file for emotas.I-CUBE-CANOPEN.1.3.0
2025-10-09 21:28:17,150 [WARN] PackLoader:240 - Cannot read IP mode file for STMicroelectronics.X-CUBE-AI.10.0.0
2025-10-09 21:28:17,157 [WARN] PackLoader:240 - Cannot read IP mode file for STMicroelectronics.FP-SNS-STBOX1.2.1.0
2025-10-09 21:28:17,166 [WARN] PackLoader:240 - Cannot read IP mode file for STMicroelectronics.FP-SNS-SMARTAG2.1.2.0
2025-10-09 21:28:17,170 [WARN] PackLoader:240 - Cannot read IP mode file for STMicroelectronics.FP-SNS-FLIGHT1.5.1.0
2025-10-09 21:28:17,207 [WARN] PackLoader:240 - Cannot read IP mode file for STMicroelectronics.X-CUBE-MEMS1.11.1.0
2025-10-09 21:28:17,366 [INFO] LogOutputStream:77 - [STDOUT_REDIRECT] 1 : Invalid condition id : UX_CORESTACK_Condition cause : null
2025-10-09 21:28:17,368 [INFO] LogOutputStream:77 - [STDOUT_REDIRECT] 1 : Invalid condition id : UX_CORESTACK_Condition cause : null
2025-10-09 21:28:17,370 [INFO] LogOutputStream:77 - [STDOUT_REDIRECT] 1 : Invalid condition id : UX_CORESTACK_Condition cause : null
2025-10-09 21:28:17,371 [INFO] LogOutputStream:77 - [STDOUT_REDIRECT] 1 : Invalid condition id : UX_CORESTACK_Condition cause : null
2025-10-09 21:28:17,373 [INFO] LogOutputStream:77 - [STDOUT_REDIRECT] 1 : Invalid condition id : UX_CORESTACK_Condition cause : null
2025-10-09 21:28:17,377 [WARN] PackLoader:240 - Cannot read IP mode file for STMicroelectronics.X-CUBE-AZRTOS-WL.2.0.0
2025-10-09 21:28:17,386 [WARN] PackLoader:240 - Cannot read IP mode file for STMicroelectronics.FP-SNS-MOTENV1.5.0.0
2025-10-09 21:28:17,395 [WARN] PackLoader:240 - Cannot read IP mode file for wolfSSL.I-CUBE-wolfMQTT.1.19.0
2025-10-09 21:28:17,406 [WARN] PackLoader:240 - Cannot read IP mode file for WES.I-CUBE-Cesium.1.3.0
2025-10-09 21:28:17,415 [WARN] PackLoader:240 - Cannot read IP mode file for STMicroelectronics.X-CUBE-BLE2.3.3.0
2025-10-09 21:28:17,438 [WARN] PackLoader:240 - Cannot read IP mode file for STMicroelectronics.X-CUBE-NFC9.1.0.0
2025-10-09 21:28:17,450 [WARN] PackLoader:240 - Cannot read IP mode file for STMicroelectronics.X-CUBE-BLE1.7.1.0
2025-10-09 21:28:17,460 [WARN] PackLoader:240 - Cannot read IP mode file for STMicroelectronics.X-CUBE-EEPRMA1.5.2.0
2025-10-09 21:28:17,467 [WARN] PackLoader:240 - Cannot read IP mode file for STMicroelectronics.X-CUBE-AI.10.1.0
2025-10-09 21:28:17,504 [WARN] PackLoader:240 - Cannot read IP mode file for STMicroelectronics.X-CUBE-MEMS1.11.2.0
2025-10-09 21:28:17,599 [WARN] PackLoader:240 - Cannot read IP mode file for STMicroelectronics.X-CUBE-AZRTOS-G0.1.1.0
2025-10-09 21:28:17,609 [WARN] PackLoader:240 - Cannot read IP mode file for STMicroelectronics.X-CUBE-SAFEA1.1.2.2
2025-10-09 21:28:17,616 [WARN] PackLoader:240 - Cannot read IP mode file for STMicroelectronics.X-CUBE-NFC4.3.0.0
2025-10-09 21:28:17,628 [WARN] PackLoader:240 - Cannot read IP mode file for EmbeddedOffice.I-CUBE-FS-RTOS.1.0.1
2025-10-09 21:28:17,636 [WARN] PackLoader:240 - Cannot read IP mode file for STMicroelectronics.X-CUBE-WB05N.2.0.0
2025-10-09 21:28:17,645 [WARN] PackLoader:240 - Cannot read IP mode file for STMicroelectronics.X-CUBE-TCPP.4.2.0
2025-10-09 21:28:17,655 [WARN] PackLoader:240 - Cannot read IP mode file for RealThread.X-CUBE-RT-Thread_Nano.4.1.1
2025-10-09 21:28:17,661 [WARN] PackLoader:240 - Cannot read IP mode file for STMicroelectronics.FP-ATR-SIGFOX1.3.2.0
2025-10-09 21:28:17,667 [WARN] ConditionMgr:438 - getConditionDescription Invalid condition id : Cortex-A Device cause : null
2025-10-09 21:28:17,684 [WARN] ConditionMgr:1044 - genDependencies : Invalid condition id : Cortex-A Device cause : null
2025-10-09 21:28:17,684 [WARN] ConditionMgr:1044 - genDependencies : Invalid condition id : Cortex-A Device cause : null
2025-10-09 21:28:17,684 [WARN] ConditionMgr:1044 - genDependencies : Invalid condition id : Cortex-A Device cause : null
2025-10-09 21:28:17,691 [WARN] PackLoader:240 - Cannot read IP mode file for STMicroelectronics.X-CUBE-EEPRMA1.5.1.0
2025-10-09 21:28:17,698 [WARN] PackLoader:240 - Cannot read IP mode file for wolfSSL.I-CUBE-wolfSSL.5.7.4
2025-10-09 21:28:17,706 [WARN] PackLoader:240 - Cannot read IP mode file for ITTIA_DB.I-CUBE-ITTIADB.8.9.0
2025-10-09 21:28:17,715 [WARN] PackLoader:240 - Cannot read IP mode file for STMicroelectronics.X-CUBE-ST67W61.1.0.0
2025-10-09 21:28:17,723 [WARN] PackLoader:240 - Cannot read IP mode file for STMicroelectronics.X-CUBE-AI.10.2.0
2025-10-09 21:28:17,749 [WARN] PackLoader:240 - Cannot read IP mode file for SEGGER.I-CUBE-embOS.1.3.1
2025-10-09 21:28:17,786 [INFO] ApiDb:668 - CubeFinder database Data Model version=2.1
2025-10-09 21:28:17,788 [INFO] ApiDb:669 - CubeFinder database Configuration version=3.0.39
2025-10-09 21:28:17,788 [INFO] ApiDb:670 - CubeFinder database generation date=2025-08-25 (1756130511)
2025-10-09 21:28:17,788 [INFO] ApiDb:671 - CubeFinder database FW Pack versions=[FP-ATR-ASTRA1_V2.0.0, FP-SNS-FLIGHT1_V5.1.0, FP-SNS-MOTENV1_V5.0.0, FP-SNS-MOTENVWB1_V1.4.0, FP-SNS-SMARTAG2_V1.2.0, FP-SNS-STBOX1_V2.1.0, STM32Cube_FW_C0_V1.4.0, STM32Cube_FW_F4_V1.28.3, STM32Cube_FW_F7_V1.17.4, STM32Cube_FW_G0_V1.6.2, STM32Cube_FW_G4_V1.6.1, STM32Cube_FW_H5_V1.5.0, STM32Cube_FW_H7RS_V1.2.0, STM32Cube_FW_H7_V1.12.1, STM32Cube_FW_L0_V1.12.2, STM32Cube_FW_L4_V1.18.1, STM32Cube_FW_L5_V1.5.1, STM32Cube_FW_N6_V1.2.0, STM32Cube_FW_U0_V1.3.0, STM32Cube_FW_U3_V1.2.0, STM32Cube_FW_U5_V1.8.0, STM32Cube_FW_WB0_V1.3.0, STM32Cube_FW_WBA_V1.7.0, STM32Cube_FW_WB_V1.23.0, STM32Cube_FW_WL3_V1.2.0, STM32Cube_FW_WL_V1.3.1, X-CUBE-ALGOBUILD_V1.4.0, X-CUBE-ALS_V1.0.2, X-CUBE-AZRTOS-F4_V1.1.0, X-CUBE-AZRTOS-F7_V1.1.0, X-CUBE-AZRTOS-G0_V1.1.0, X-CUBE-AZRTOS-G4_V2.0.0, X-CUBE-AZRTOS-H7RS_V1.1.0, X-CUBE-AZRTOS-H7_V3.4.0, X-CUBE-AZRTOS-L4_V2.0.0, X-CUBE-AZRTOS-L5_V2.0.0, X-CUBE-AZRTOS-WB_V2.0.0, X-CUBE-AZRTOS-WL_V2.0.0, X-CUBE-BLE1_V7.1.0, X-CUBE-BLE2_V3.3.0, X-CUBE-BLEMGR_V4.1.0, X-CUBE-EEPRMA1_V5.2.0, X-CUBE-FREERTOS_V1.3.1, X-CUBE-GNSS1_V6.0.0, X-CUBE-MEMS1_V11.3.0, X-CUBE-NFC4_V3.0.0, X-CUBE-NFC7_V2.0.0, X-CUBE-SFXS2LP1_V4.0.0, X-CUBE-ST67W61_V1.0.0, X-CUBE-SUBG2_V5.0.0, X-CUBE-TOF1_V3.4.3]
2025-10-09 21:28:17,798 [WARN] PackLoader:240 - Cannot read IP mode file for STMicroelectronics.X-CUBE-ALGOBUILD.1.4.0
2025-10-09 21:28:17,846 [WARN] PackLoader:240 - Cannot read IP mode file for STMicroelectronics.X-CUBE-MEMS1.11.3.0
2025-10-09 21:28:17,878 [INFO] DbBoardsSqlite:226 - include board P-NUCLEO-WB55-NUCLEO as a kit item of type 'Nucleo-64'
2025-10-09 21:28:17,878 [INFO] DbBoardsSqlite:226 - include board P-NUCLEO-WB55-USBDONGLE as a kit item of type 'Nucleo USB Dongle'
2025-10-09 21:28:17,879 [INFO] DbBoardsSqlite:226 - include board STEVAL-IDP005V1 as a kit item of type 'Evaluation Board'
2025-10-09 21:28:17,879 [INFO] DbBoardsSqlite:226 - include board STEVAL-IDP005V2 as a kit item of type 'Evaluation Board'
2025-10-09 21:28:17,973 [WARN] PackLoader:240 - Cannot read IP mode file for STMicroelectronics.X-CUBE-AI.9.1.0
2025-10-09 21:28:17,980 [WARN] PackLoader:240 - Cannot read IP mode file for STMicroelectronics.X-CUBE-PM33A1.1.0.0
2025-10-09 21:28:17,994 [INFO] ApiDb:240 - Found 880 in-development CPN: [B-G473E-ZEST1S, B-WB1M-WPAN1, B-WBA5M-WPAN, B-WL5M-SUBG1, NUCLEO-C031C6, NUCLEO-C051C8, NUCLEO-C071RB, NUCLEO-C092RC, NUCLEO-H503RB, NUCLEO-H533RE, NUCLEO-H563ZI, NUCLEO-H7S3L8, NUCLEO-N657X0-Q, NUCLEO-U031R8, NUCLEO-U083RC, NUCLEO-U385RG-Q, NUCLEO-U545RE-Q, NUCLEO-U5A5ZJ-Q, NUCLEO-WB05KZ, NUCLEO-WB07CC, NUCLEO-WB09KE, NUCLEO-WBA52CG, NUCLEO-WBA55CG, NUCLEO-WL33CC1, NUCLEO-WL33CC2, STEVAL-PROTEUS1, STEVAL-SMARTAG2, STEVAL-STWINBX1, STM320518-EVAL, STM32C0116-DK, STM32C011D6Y3TR, STM32C011D6Y6TR, STM32C011F4P3, STM32C011F4P6, STM32C011F4U3, STM32C011F4U6TR, STM32C011F6P3, STM32C011F6P6, STM32C011F6U3, STM32C011F6U6TR, STM32C011J4M3, STM32C011J4M6, STM32C011J6M3, STM32C011J6M6, STM32C0316-DK, STM32C031C4T3, STM32C031C4T6, STM32C031C4U3, STM32C031C4U6, STM32C031C6T3, STM32C031C6T6, STM32C031C6U3, STM32C031C6U6, STM32C031F4P3, STM32C031F4P6, STM32C031F6P3, STM32C031F6P6, STM32C031G4U3, STM32C031G4U6, STM32C031G6U3, STM32C031G6U6, STM32C031K4T3, STM32C031K4T6, STM32C031K4U3, STM32C031K4U6, STM32C031K6T3, STM32C031K6T6, STM32C031K6U3, STM32C031K6U6, STM32C051C6T6, STM32C051C6U6, STM32C051C8T6, STM32C051C8U6, STM32C051D8Y6TR, STM32C051F6P6, STM32C051F8P6, STM32C051G6U6, STM32C051G8U6, STM32C051K6T6, STM32C051K6U6, STM32C051K8T6, STM32C071C8T6, STM32C071C8T6N, STM32C071C8U6, STM32C071C8U6N, STM32C071CBT6, STM32C071CBT6N, STM32C071CBU6, STM32C071CBU6N, STM32C071F8P6, STM32C071F8P6N, STM32C071FBP6, STM32C071FBP6N, STM32C071FBY6TR, STM32C071G8U6, STM32C071G8U6N, STM32C071GBU6, STM32C071GBU6N, STM32C071K8T6, STM32C071K8T6N, STM32C071K8U6, STM32C071K8U6N, STM32C071KBT6, STM32C071KBT6N, STM32C071KBU6, STM32C071KBU6N, STM32C071R8T6, STM32C071R8T6N, STM32C071RBI6N, STM32C071RBT6, STM32C071RBT6N, STM32C091CBT6, STM32C091CBU6, STM32C091CCT6, STM32C091CCU6, STM32C091ECY6TR, STM32C091FBP6, STM32C091FCP6, STM32C091GBU6, STM32C091GCU6, STM32C091KBT6, STM32C091KBU6, STM32C091KCT6, STM32C091KCU6, STM32C091RBT6, STM32C091RCI6, STM32C091RCT6, STM32C092CBT6, STM32C092CBU6, STM32C092CCT6, STM32C092CCU6, STM32C092ECY6TR, STM32C092FBP6, STM32C092FCP6, STM32C092GBU6, STM32C092GCU6, STM32C092KBT6, STM32C092KBU6, STM32C092KCT6, STM32C092KCU6, STM32C092RBT6, STM32C092RCI6, STM32C092RCT6, STM32G071K8TXN, STM32G071K8UXN, STM32G081GBU6N, STM32G081KBT6N, STM32G081KBUXN, STM32G0B1CCT6N, STM32G0B1KCT6, STM32G0B1NEY6TR, STM32G0B1RCT6N, STM32G0C1CCT6, STM32G0C1CCT6N, STM32G0C1CCU6N, STM32G0C1CET6N, STM32G0C1CEU6N, STM32G0C1KCT6, STM32G0C1NEY6TR, STM32G0C1RCI6N, STM32G0C1RCT6N, STM32G0C1REI6N, STM32G0C1RET6N, STM32G0C1VCI6, STM32G0C1VEI6, STM32G411C6T3, STM32G411C6T6, STM32G411C6U3, STM32G411C6U6, STM32G411C8T3, STM32G411C8T6, STM32G411C8U3, STM32G411C8U6, STM32G411CBT3, STM32G411CBT6, STM32G411CBU3, STM32G411CBU6, STM32G411K6T3, STM32G411K6T6, STM32G411K6U3, STM32G411K6U6, STM32G411K8T3, STM32G411K8T6, STM32G411K8U3, STM32G411K8U6, STM32G411KBT3, STM32G411KBT6, STM32G411KBU3, STM32G411KBU6, STM32G411M6T3, STM32G411M6T6, STM32G411M8T3, STM32G411M8T6, STM32G411MBT3, STM32G411MBT6, STM32G411R6T3, STM32G411R6T6, STM32G411R8T3, STM32G411R8T6, STM32G411RBT3, STM32G411RBT6, STM32G414CBT3, STM32G414CBT6, STM32G414CBU3, STM32G414CBU6, STM32G414CCT3, STM32G414CCT6, STM32G414CCU3, STM32G414CCU6, STM32G414MBT3, STM32G414MBT6, STM32G414MCT3, STM32G414MCT6, STM32G414RBT3, STM32G414RBT6, STM32G414RCT3, STM32G414RCT6, STM32G414VBT3, STM32G414VBT6, STM32G414VCT3, STM32G414VCT6, STM32G431CBT3Z, STM32G431RBT3Z, STM32G471CCT6, STM32G471CCU6, STM32G471CET3, STM32G471CET6, STM32G471CEU3, STM32G471CEU6, STM32G471MCT6, STM32G471MET3, STM32G471MET6, STM32G471MEY6TR, STM32G471QCT6, STM32G471QET3, STM32G471RCT6, STM32G471RET3, STM32G471RET6, STM32G471VCH6, STM32G471VCI6, STM32G471VCT6, STM32G471VEH3, STM32G471VEH6, STM32G471VEI3, STM32G471VEI6, STM32G471VET3, STM32G471VET6, STM32G473QET3Z, STM32G473RET3Z, STM32G474CCT6, STM32G491RET3Z, STM32H503CBT6, STM32H503CBU6, STM32H503EBY6TR, STM32H503KBU6, STM32H503RBT6, STM32H523CCT6, STM32H523CCU6, STM32H523CET6, STM32H523CEU6, STM32H523HEY6TR, STM32H523RCT6, STM32H523RET6, STM32H523VCI6, STM32H523VCT6, STM32H523VEI6, STM32H523VET6, STM32H523ZCJ6, STM32H523ZCT6, STM32H523ZEJ6, STM32H523ZET6, STM32H533CET6, STM32H533CEU6, STM32H533HEY6TR, STM32H533RET6, STM32H533VEI6, STM32H533VET6, STM32H533ZEJ6, STM32H533ZET6, STM32H562AGI6, STM32H562AII6, STM32H562IGK6, STM32H562IGT6, STM32H562IIK6, STM32H562IIT6, STM32H562RGT6, STM32H562RGV6, STM32H562RIT6, STM32H562RIV6, STM32H562VGT6, STM32H562VIT6, STM32H562ZGT6, STM32H562ZIT6, STM32H563AGI6, STM32H563AII3Q, STM32H563AII6, STM32H563IGK6, STM32H563IGT6, STM32H563IIK3Q, STM32H563IIK6, STM32H563IIT3Q, STM32H563IIT6, STM32H563MIY3QTR, STM32H563RGT6, STM32H563RGV6, STM32H563RIT6, STM32H563RIV6, STM32H563VGT6, STM32H563VIT3Q, STM32H563VIT6, STM32H563ZGT6, STM32H563ZIT3Q, STM32H563ZIT6, STM32H573AII3Q, STM32H573AII6, STM32H573I-DK, STM32H573IIK3Q, STM32H573IIK6, STM32H573IIT3Q, STM32H573IIT6, STM32H573MIY3QTR, STM32H573RIT6, STM32H573RIV6, STM32H573VIT3Q, STM32H573VIT6, STM32H573ZIT3Q, STM32H573ZIT6, STM32H7R3A8I6, STM32H7R3I8K6, STM32H7R3I8T6, STM32H7R3L8H6, STM32H7R3L8H6H, STM32H7R3R8V6, STM32H7R3V8H6, STM32H7R3V8T6, STM32H7R3V8Y6TR, STM32H7R3Z8J6, STM32H7R3Z8T6, STM32H7R7A8I6, STM32H7R7I8K6, STM32H7R7I8T6, STM32H7R7L8H6, STM32H7R7L8H6H, STM32H7R7Z8J6, STM32H7S3A8I6, STM32H7S3I8K6, STM32H7S3I8T6, STM32H7S3L8H6, STM32H7S3L8H6H, STM32H7S3R8V6, STM32H7S3V8H6, STM32H7S3V8T6, STM32H7S3V8Y6TR, STM32H7S3Z8J6, STM32H7S3Z8T6, STM32H7S78-DK, STM32H7S7A8I6, STM32H7S7I8K6, STM32H7S7I8T6, STM32H7S7L8H6, STM32H7S7L8H6H, STM32H7S7Z8J6, STM32L4R5QGI6STR, STM32MP131AAE3, STM32MP131AAF3, STM32MP131AAG3, STM32MP131CAE3, STM32MP131CAF3, STM32MP131CAG3, STM32MP131DAE7, STM32MP131DAF7, STM32MP131DAG7, STM32MP131FAE7, STM32MP131FAF7, STM32MP131FAG7, STM32MP133AAE3, STM32MP133AAF3, STM32MP133AAG3, STM32MP133CAE3, STM32MP133CAF3, STM32MP133CAG3, STM32MP133DAE7, STM32MP133DAF7, STM32MP133DAG7, STM32MP133FAE7, STM32MP133FAF7, STM32MP133FAG7, STM32MP135AAE3, STM32MP135AAF3, STM32MP135AAG3, STM32MP135CAE3, STM32MP135CAF3, STM32MP135CAG3, STM32MP135DAE7, STM32MP135DAF7, STM32MP135DAG7, STM32MP135F-DK, STM32MP135FAE7, STM32MP135FAF7, STM32MP135FAF7T, STM32MP135FAF7U, STM32MP135FAG7, STM32MP211AAL3, STM32MP211AAM3, STM32MP211AAN3, STM32MP211AAO3, STM32MP211CAL3, STM32MP211CAM3, STM32MP211CAN3, STM32MP211CAO3, STM32MP211DAL3, STM32MP211DAM3, STM32MP211DAN3, STM32MP211DAO3, STM32MP211FAL3, STM32MP211FAM3, STM32MP211FAN3, STM32MP211FAO3, STM32MP213AAL3, STM32MP213AAM3, STM32MP213AAN3, STM32MP213AAO3, STM32MP213CAL3, STM32MP213CAM3, STM32MP213CAN3, STM32MP213CAO3, STM32MP213DAL3, STM32MP213DAM3, STM32MP213DAN3, STM32MP213DAO3, STM32MP213FAL3, STM32MP213FAM3, STM32MP213FAN3, STM32MP213FAO3, STM32MP215AAL3, STM32MP215AAM3, STM32MP215AAN3, STM32MP215AAO3, STM32MP215CAL3, STM32MP215CAM3, STM32MP215CAN3, STM32MP215CAO3, STM32MP215DAL3, STM32MP215DAM3, STM32MP215DAN3, STM32MP215DAO3, STM32MP215F-DK, STM32MP215FAL3, STM32MP215FAM3, STM32MP215FAN3, STM32MP215FAO3, STM32MP231AAJ3, STM32MP231AAK3, STM32MP231AAL3, STM32MP231CAJ3, STM32MP231CAK3, STM32MP231CAL3, STM32MP231DAJ3, STM32MP231DAK3, STM32MP231DAL3, STM32MP231FAJ3, STM32MP231FAK3, STM32MP231FAL3, STM32MP233AAJ3, STM32MP233AAK3, STM32MP233AAL3, STM32MP233CAJ3, STM32MP233CAK3, STM32MP233CAL3, STM32MP233DAJ3, STM32MP233DAK3, STM32MP233DAL3, STM32MP233FAJ3, STM32MP233FAK3, STM32MP233FAL3, STM32MP235AAJ3, STM32MP235AAK3, STM32MP235AAL3, STM32MP235CAJ3, STM32MP235CAK3, STM32MP235CAL3, STM32MP235DAJ3, STM32MP235DAK3, STM32MP235DAL3, STM32MP235FAJ3, STM32MP235FAK3, STM32MP235FAL3, STM32MP251AAI3, STM32MP251AAK3, STM32MP251AAL3, STM32MP251CAI3, STM32MP251CAK3, STM32MP251CAL3, STM32MP251DAI3, STM32MP251DAK3, STM32MP251DAL3, STM32MP251FAI3, STM32MP251FAK3, STM32MP251FAL3, STM32MP253AAI3, STM32MP253AAK3, STM32MP253AAL3, STM32MP253CAI3, STM32MP253CAK3, STM32MP253CAL3, STM32MP253DAI3, STM32MP253DAK3, STM32MP253DAL3, STM32MP253FAI3, STM32MP253FAK3, STM32MP253FAL3, STM32MP255AAI3, STM32MP255AAK3, STM32MP255AAL3, STM32MP255CAI3, STM32MP255CAK3, STM32MP255CAL3, STM32MP255DAI3, STM32MP255DAK3, STM32MP255DAL3, STM32MP255FAI3, STM32MP255FAK3, STM32MP255FAL3, STM32MP257AAI3, STM32MP257AAK3, STM32MP257AAL3, STM32MP257CAI3, STM32MP257CAK3, STM32MP257CAL3, STM32MP257DAI3, STM32MP257DAK3, STM32MP257DAL3, STM32MP257F-DK, STM32MP257F-EV1, STM32MP257FAI3, STM32MP257FAK3, STM32MP257FAL3, STM32N645A0H3Q, STM32N645B0H3Q, STM32N645I0H3Q, STM32N645L0H3Q, STM32N645X0H3Q, STM32N645Z0H3Q, STM32N647A0H3Q, STM32N647B0H3Q, STM32N647I0H3Q, STM32N647L0H3Q, STM32N647X0H3Q, STM32N647Z0H3Q, STM32N655A0H3Q, STM32N655B0H3Q, STM32N655I0H3Q, STM32N655L0H3Q, STM32N655X0H3Q, STM32N655Z0H3Q, STM32N6570-DK, STM32N657A0H3Q, STM32N657B0H3Q, STM32N657I0H3Q, STM32N657L0H3Q, STM32N657X0H3Q, STM32N657Z0H3Q, STM32U031C6T6, STM32U031C6U6, STM32U031C8T6, STM32U031C8U6, STM32U031F4P6, STM32U031F6P6, STM32U031F8P6, STM32U031G6Y6TR, STM32U031G8Y6TR, STM32U031K4U6, STM32U031K6U6, STM32U031K8U6, STM32U031R6I6, STM32U031R6T6, STM32U031R8I6, STM32U031R8T6, STM32U073C8T6, STM32U073C8U6, STM32U073CBT6, STM32U073CBU6, STM32U073CCT6, STM32U073CCU6, STM32U073H8Y6TR, STM32U073HBY6TR, STM32U073HCY6TR, STM32U073K8U6, STM32U073KBU6, STM32U073KCU6, STM32U073M8I6, STM32U073M8T6, STM32U073MBI6, STM32U073MBT6, STM32U073MCI6, STM32U073MCT6, STM32U073R8I6, STM32U073R8T6, STM32U073RBI6, STM32U073RBT6, STM32U073RCI6, STM32U073RCT6, STM32U083C-DK, STM32U083CCT6, STM32U083CCU6, STM32U083HCY6TR, STM32U083KCU6, STM32U083MCI6, STM32U083MCT6, STM32U083RCI6, STM32U083RCT6, STM32U375CET6, STM32U375CET6Q, STM32U375CEU6, STM32U375CEU6Q, STM32U375CEY6QTR, STM32U375CGT6, STM32U375CGT6Q, STM32U375CGU6, STM32U375CGU6Q, STM32U375CGY6QTR, STM32U375KEU6, STM32U375KGU6, STM32U375REI6, STM32U375REI6Q, STM32U375RET6, STM32U375RET6Q, STM32U375REY6GTR, STM32U375REY6QTR, STM32U375RGI6, STM32U375RGI6Q, STM32U375RGT6, STM32U375RGT6Q, STM32U375RGY6GTR, STM32U375RGY6QTR, STM32U375VEI6, STM32U375VEI6Q, STM32U375VET6, STM32U375VET6Q, STM32U375VGI6, STM32U375VGI6Q, STM32U375VGT6, STM32U375VGT6Q, STM32U385CGT6, STM32U385CGT6Q, STM32U385CGU6, STM32U385CGU6Q, STM32U385CGY6QTR, STM32U385KGU6, STM32U385RGI6, STM32U385RGI6Q, STM32U385RGT6, STM32U385RGT6Q, STM32U385RGY6GTR, STM32U385RGY6QTR, STM32U385VGI6, STM32U385VGI6Q, STM32U385VGT6, STM32U385VGT6Q, STM32U535CBT6, STM32U535CBT6Q, STM32U535CBU6, STM32U535CBU6Q, STM32U535CCT6, STM32U535CCT6Q, STM32U535CCU6, STM32U535CCU6Q, STM32U535CET6, STM32U535CET6Q, STM32U535CEU6, STM32U535CEU6Q, STM32U535JEY6QTR, STM32U535NCY6QTR, STM32U535NEY6QTR, STM32U535RBI6, STM32U535RBI6Q, STM32U535RBT6, STM32U535RBT6Q, STM32U535RCI6, STM32U535RCI6Q, STM32U535RCT6, STM32U535RCT6Q, STM32U535REI6, STM32U535REI6Q, STM32U535RET6, STM32U535RET6Q, STM32U535VCI6, STM32U535VCI6Q, STM32U535VCT6, STM32U535VCT6Q, STM32U535VEI6, STM32U535VEI6Q, STM32U535VET6, STM32U535VET6Q, STM32U545CET6, STM32U545CET6Q, STM32U545CEU6, STM32U545CEU6Q, STM32U545JEY6QTR, STM32U545NEY6QTR, STM32U545REI6, STM32U545REI6Q, STM32U545RET6, STM32U545RET6Q, STM32U545VEI6, STM32U545VEI6Q, STM32U545VET6, STM32U545VET6Q, STM32U595AIH6, STM32U595AIH6Q, STM32U595AJH6, STM32U595AJH6Q, STM32U595QII6, STM32U595QII6Q, STM32U595QJI6, STM32U595QJI6Q, STM32U595RIT6, STM32U595RIT6Q, STM32U595RJT6, STM32U595RJT6Q, STM32U595VIT6, STM32U595VIT6Q, STM32U595VJT6, STM32U595VJT6Q, STM32U595ZIT6, STM32U595ZIT6Q, STM32U595ZIY6QTR, STM32U595ZJT6, STM32U595ZJT6Q, STM32U595ZJY6QTR, STM32U599BJY6QTR, STM32U599NIH6Q, STM32U599NJH6Q, STM32U599VIT6Q, STM32U599VJT6, STM32U599VJT6Q, STM32U599ZIT6Q, STM32U599ZIY6QTR, STM32U599ZJT6Q, STM32U599ZJY6QTR, STM32U5A5AJH6, STM32U5A5AJH6Q, STM32U5A5QII3Q , STM32U5A5QJI6, STM32U5A5QJI6Q, STM32U5A5RJT6, STM32U5A5RJT6Q, STM32U5A5VJT6, STM32U5A5VJT6Q, STM32U5A5ZJT6, STM32U5A5ZJT6Q, STM32U5A5ZJY6QTR, STM32U5A9BJY6QTR, STM32U5A9J-DK, STM32U5A9NJH6Q, STM32U5A9VJT6Q, STM32U5A9ZJT6Q, STM32U5A9ZJY6QTR, STM32U5F7VIT6, STM32U5F7VIT6Q, STM32U5F7VJT6, STM32U5F7VJT6Q, STM32U5F9BJY6QTR, STM32U5F9NJH6Q, STM32U5F9VIT6Q, STM32U5F9VJT6Q, STM32U5F9ZIJ6QTR, STM32U5F9ZIT6Q, STM32U5F9ZJJ6QTR, STM32U5F9ZJT6Q, STM32U5G7VJT6, STM32U5G7VJT6Q, STM32U5G9BJY6QTR, STM32U5G9J-DK1, STM32U5G9J-DK2, STM32U5G9NJH6Q, STM32U5G9VJT6Q, STM32U5G9ZJJ6QTR, STM32U5G9ZJT6Q, STM32WB05KZV6TR, STM32WB05KZV7TR, STM32WB05TZF6TR, STM32WB05TZF7TR, STM32WB06CCF6TR, STM32WB06CCF7TR, STM32WB06CCV6TR, STM32WB06CCV7TR, STM32WB06KCV6TR, STM32WB06KCV7TR, STM32WB07CCF6TR, STM32WB07CCF7TR, STM32WB07CCV6TR, STM32WB07CCV7TR, STM32WB07KCV6TR, STM32WB07KCV7TR, STM32WB09KEV6TR, STM32WB09KEV7TR, STM32WB09TEF6TR, STM32WB09TEF7TR, STM32WB1MMCH6, STM32WBA50KGU6, STM32WBA50KGU6TR, STM32WBA52CEU6, STM32WBA52CEU6TR, STM32WBA52CEU7, STM32WBA52CEU7TR, STM32WBA52CGU6, STM32WBA52CGU6TR, STM32WBA52CGU6U, STM32WBA52CGU7, STM32WBA52CGU7TR, STM32WBA52KEU6, STM32WBA52KEU6TR, STM32WBA52KGU6, STM32WBA52KGU6TR, STM32WBA54CEU6, STM32WBA54CEU6TR, STM32WBA54CEU7, STM32WBA54CEU7TR, STM32WBA54CGU6, STM32WBA54CGU6TR, STM32WBA54CGU7, STM32WBA54CGU7TR, STM32WBA54KEU6, STM32WBA54KEU6TR, STM32WBA54KEU7, STM32WBA54KEU7TR, STM32WBA54KGU6, STM32WBA54KGU6TR, STM32WBA54KGU7, STM32WBA54KGU7TR, STM32WBA55CEU6, STM32WBA55CEU6TR, STM32WBA55CEU7, STM32WBA55CEU7TR, STM32WBA55CGU6, STM32WBA55CGU6TR, STM32WBA55CGU6U, STM32WBA55CGU7, STM32WBA55CGU7TR, STM32WBA55G-DK1, STM32WBA55HEF6, STM32WBA55HEF7, STM32WBA55HGF6, STM32WBA55HGF7, STM32WBA55UEI6, STM32WBA55UEI6TR, STM32WBA55UEI7, STM32WBA55UEI7TR, STM32WBA55UGI6, STM32WBA55UGI6TR, STM32WBA55UGI7, STM32WBA55UGI7TR, STM32WBA5MMGH6TR, STM32WBA62MGF6, STM32WBA62MIF6, STM32WBA65MGF7, STM32WBA65MIF6, STM32WBA65MIF7, STM32WL30K8V6, STM32WL30KBV6, STM32WL31C8V6, STM32WL31CBV6, STM32WL31K8V6, STM32WL31KBV6, STM32WL33C8V6, STM32WL33C8V6X, STM32WL33CBV6, STM32WL33CBV6X, STM32WL33CCV6, STM32WL33CCV6A, STM32WL33CCV6X, STM32WL33K8V7, STM32WL33K8V7X, STM32WL33KBV7 , STM32WL33KBV7X, STM32WL33KCV7, STM32WL33KCV7X, STM32WL5MOCH6, STM32WL5MOCH6TR]
2025-10-09 21:28:17,998 [WARN] PackLoader:240 - Cannot read IP mode file for STMicroelectronics.X-CUBE-AZRTOS-F4.1.1.0
2025-10-09 21:28:18,060 [WARN] PackLoader:240 - Cannot read IP mode file for Avnet-IotConnect.X-CUBE-IoTC-DA16k-PMOD.1.0.0
2025-10-09 21:28:18,066 [WARN] PackLoader:240 - Cannot read IP mode file for STMicroelectronics.X-CUBE-ISPU.2.1.0
2025-10-09 21:28:18,081 [WARN] PackLoader:240 - Cannot read IP mode file for STMicroelectronics.X-CUBE-IPS.3.2.0
2025-10-09 21:28:18,092 [WARN] PackLoader:240 - Cannot read IP mode file for STMicroelectronics.X-CUBE-NFC12.1.0.0
2025-10-09 21:28:18,109 [WARN] PackLoader:240 - Cannot read IP mode file for STMicroelectronics.X-CUBE-AZRTOS-L5.2.0.0
2025-10-09 21:28:18,120 [WARN] PackLoader:240 - Cannot read IP mode file for STMicroelectronics.X-CUBE-NFC6.3.1.0
2025-10-09 21:28:18,129 [WARN] PackLoader:240 - Cannot read IP mode file for STMicroelectronics.X-CUBE-DPower.1.2.0
2025-10-09 21:28:18,136 [WARN] PackLoader:240 - Cannot read IP mode file for STMicroelectronics.X-CUBE-FREERTOS.1.3.1
2025-10-09 21:28:18,142 [WARN] PackLoader:240 - Cannot read IP mode file for STMicroelectronics.X-CUBE-FREERTOS.1.3.0
2025-10-09 21:28:18,148 [WARN] PackLoader:240 - Cannot read IP mode file for STMicroelectronics.X-CUBE-NFC7.1.0.1
2025-10-09 21:28:18,153 [WARN] PackLoader:240 - Cannot read IP mode file for STMicroelectronics.X-CUBE-DPower.1.3.0
2025-10-09 21:28:18,174 [WARN] ConditionMgr:438 - getConditionDescription Invalid condition id : LAN8742 Phy interface Condition cause : null
2025-10-09 21:28:18,174 [WARN] PackLoader:240 - Cannot read IP mode file for STMicroelectronics.X-CUBE-AZRTOS-L4.2.0.0
2025-10-09 21:28:18,176 [WARN] ConditionMgr:1044 - genDependencies : Invalid condition id : LAN8742 Phy interface Condition cause : null
2025-10-09 21:28:18,176 [WARN] ConditionMgr:1044 - genDependencies : Invalid condition id : LAN8742 Phy interface Condition cause : null
2025-10-09 21:28:18,177 [WARN] ConditionMgr:1044 - genDependencies : Invalid condition id : LAN8742 Phy interface Condition cause : null
2025-10-09 21:28:18,185 [WARN] PackLoader:240 - Cannot read IP mode file for STMicroelectronics.X-CUBE-SFXS2LP1.4.0.0
2025-10-09 21:28:18,200 [WARN] PackLoader:240 - Cannot read IP mode file for STMicroelectronics.X-CUBE-AZRTOS-H7.3.3.0
2025-10-09 21:28:18,212 [WARN] ConditionMgr:438 - getConditionDescription Invalid condition id : UX DEVICE CLASS RTOS Condition cause : null
2025-10-09 21:28:18,212 [WARN] ConditionMgr:438 - getConditionDescription Invalid condition id : UX DEVICE CLASS RTOS Condition cause : null
2025-10-09 21:28:18,214 [WARN] PackLoader:240 - Cannot read IP mode file for STMicroelectronics.X-CUBE-AZRTOS-WB.2.0.0
2025-10-09 21:28:18,215 [WARN] ConditionMgr:1044 - genDependencies : Invalid condition id : UX DEVICE CLASS RTOS Condition cause : null
2025-10-09 21:28:18,215 [WARN] ConditionMgr:1044 - genDependencies : Invalid condition id : UX DEVICE CLASS RTOS Condition cause : null
2025-10-09 21:28:18,215 [WARN] ConditionMgr:1044 - genDependencies : Invalid condition id : UX DEVICE CLASS RTOS Condition cause : null
2025-10-09 21:28:18,215 [WARN] ConditionMgr:1044 - genDependencies : Invalid condition id : UX DEVICE CLASS RTOS Condition cause : null
2025-10-09 21:28:18,215 [WARN] ConditionMgr:1044 - genDependencies : Invalid condition id : UX DEVICE CLASS RTOS Condition cause : null
2025-10-09 21:28:18,222 [WARN] PackLoader:240 - Cannot read IP mode file for STMicroelectronics.X-CUBE-GNSS1.7.0.1
2025-10-09 21:28:18,235 [WARN] PackLoader:240 - Cannot read IP mode file for STMicroelectronics.X-CUBE-TOUCHGFX.4.25.0
2025-10-09 21:28:18,241 [WARN] PackLoader:240 - Cannot read IP mode file for STMicroelectronics.FP-SNS-STBOX1.2.0.0
2025-10-09 21:28:18,251 [WARN] PackLoader:240 - Cannot read IP mode file for STMicroelectronics.X-CUBE-SUBG2.5.0.0
2025-10-09 21:28:18,274 [WARN] PackLoader:240 - Cannot read IP mode file for STMicroelectronics.X-CUBE-AZRTOS-H7RS.1.1.0
2025-10-09 21:28:18,284 [WARN] PackLoader:240 - Cannot read IP mode file for Cesanta.I-CUBE-Mongoose.7.13.0
2025-10-09 21:28:18,295 [WARN] PackLoader:240 - Cannot read IP mode file for STMicroelectronics.X-CUBE-AZRTOS-G4.2.0.0
2025-10-09 21:28:18,301 [WARN] PackLoader:240 - Cannot read IP mode file for STMicroelectronics.X-CUBE-NFC7.2.0.0
2025-10-09 21:28:18,310 [WARN] PackLoader:240 - Cannot read IP mode file for STMicroelectronics.X-CUBE-IPS.3.1.0
2025-10-09 21:28:18,320 [WARN] PackLoader:240 - Cannot read IP mode file for STMicroelectronics.X-CUBE-ALS.1.0.2
2025-10-09 21:28:18,324 [WARN] PackLoader:240 - Cannot read IP mode file for STMicroelectronics.X-CUBE-TOUCHGFX.4.24.2
2025-10-09 21:28:18,331 [WARN] PackLoader:240 - Cannot read IP mode file for STMicroelectronics.X-CUBE-STSE01.1.0.0
2025-10-09 21:28:18,336 [WARN] PackLoader:240 - Cannot read IP mode file for wolfSSL.I-CUBE-wolfTPM.3.4.0
2025-10-09 21:28:18,344 [WARN] PackLoader:240 - Cannot read IP mode file for portGmbH.I-Cube-SoM-uGOAL.1.1.0
2025-10-09 21:28:18,358 [WARN] PackLoader:240 - Cannot read IP mode file for STMicroelectronics.X-CUBE-AZRTOS-H7RS.1.0.0
2025-10-09 21:28:18,370 [WARN] PackLoader:240 - Cannot read IP mode file for STMicroelectronics.X-CUBE-TOF1.3.4.2
2025-10-09 21:28:18,375 [INFO] BoardInfo:889 - No configuration file found for board P-NUCLEO-WB55
2025-10-09 21:28:18,378 [INFO] DbBoards:161 - Kit is not supported: P-NUCLEO-WB55
2025-10-09 21:28:18,386 [WARN] PackLoader:240 - Cannot read IP mode file for STMicroelectronics.X-CUBE-TOF1.3.4.3
2025-10-09 21:28:18,390 [INFO] BoardInfo:889 - No configuration file found for board STEVAL-BFA001V1B
2025-10-09 21:28:18,392 [INFO] DbBoards:161 - Kit is not supported: STEVAL-BFA001V1B
2025-10-09 21:28:18,394 [INFO] BoardInfo:889 - No configuration file found for board STEVAL-BFA001V2B
2025-10-09 21:28:18,396 [INFO] DbBoards:161 - Kit is not supported: STEVAL-BFA001V2B
2025-10-09 21:28:18,396 [WARN] PackLoader:240 - Cannot read IP mode file for wolfSSL.I-CUBE-wolfSSH.1.4.17
2025-10-09 21:28:18,396 [INFO] ThirdParty:978 - Integrity check success = true
2025-10-09 21:28:18,396 [INFO] IntegrityCheckThread:100 - exiting critical section [integrity check]
2025-10-09 21:28:18,396 [INFO] IntegrityCheckThread:103 - End integrity checks thread
2025-10-09 21:28:18,759 [INFO] DbBoards:168 - Found 212 boards, 209 are supported
2025-10-09 21:28:18,759 [INFO] DbBoards:169 - Found 212 boards, 43 of them is supported for  Bsp
2025-10-09 21:28:18,763 [INFO] ApiDb:423 - Load user favorites file C:\Users\anish/.stm32cubeide/favorites.boards.txt: 0 item(s)
2025-10-09 21:28:18,763 [INFO] ApiDb:427 - User favorites Boards=[]
2025-10-09 21:28:18,763 [INFO] DbBoards:198 - Set 0 / 0 favorites Boards
2025-10-09 21:28:18,765 [INFO] ApiDb:668 - CubeFinder database Data Model version=2.1
2025-10-09 21:28:18,765 [INFO] ApiDb:669 - CubeFinder database Configuration version=3.0.39
2025-10-09 21:28:18,765 [INFO] ApiDb:670 - CubeFinder database generation date=2025-08-25 (1756130511)
2025-10-09 21:28:18,765 [INFO] ApiDb:671 - CubeFinder database FW Pack versions=[FP-ATR-ASTRA1_V2.0.0, FP-SNS-FLIGHT1_V5.1.0, FP-SNS-MOTENV1_V5.0.0, FP-SNS-MOTENVWB1_V1.4.0, FP-SNS-SMARTAG2_V1.2.0, FP-SNS-STBOX1_V2.1.0, STM32Cube_FW_C0_V1.4.0, STM32Cube_FW_F4_V1.28.3, STM32Cube_FW_F7_V1.17.4, STM32Cube_FW_G0_V1.6.2, STM32Cube_FW_G4_V1.6.1, STM32Cube_FW_H5_V1.5.0, STM32Cube_FW_H7RS_V1.2.0, STM32Cube_FW_H7_V1.12.1, STM32Cube_FW_L0_V1.12.2, STM32Cube_FW_L4_V1.18.1, STM32Cube_FW_L5_V1.5.1, STM32Cube_FW_N6_V1.2.0, STM32Cube_FW_U0_V1.3.0, STM32Cube_FW_U3_V1.2.0, STM32Cube_FW_U5_V1.8.0, STM32Cube_FW_WB0_V1.3.0, STM32Cube_FW_WBA_V1.7.0, STM32Cube_FW_WB_V1.23.0, STM32Cube_FW_WL3_V1.2.0, STM32Cube_FW_WL_V1.3.1, X-CUBE-ALGOBUILD_V1.4.0, X-CUBE-ALS_V1.0.2, X-CUBE-AZRTOS-F4_V1.1.0, X-CUBE-AZRTOS-F7_V1.1.0, X-CUBE-AZRTOS-G0_V1.1.0, X-CUBE-AZRTOS-G4_V2.0.0, X-CUBE-AZRTOS-H7RS_V1.1.0, X-CUBE-AZRTOS-H7_V3.4.0, X-CUBE-AZRTOS-L4_V2.0.0, X-CUBE-AZRTOS-L5_V2.0.0, X-CUBE-AZRTOS-WB_V2.0.0, X-CUBE-AZRTOS-WL_V2.0.0, X-CUBE-BLE1_V7.1.0, X-CUBE-BLE2_V3.3.0, X-CUBE-BLEMGR_V4.1.0, X-CUBE-EEPRMA1_V5.2.0, X-CUBE-FREERTOS_V1.3.1, X-CUBE-GNSS1_V6.0.0, X-CUBE-MEMS1_V11.3.0, X-CUBE-NFC4_V3.0.0, X-CUBE-NFC7_V2.0.0, X-CUBE-SFXS2LP1_V4.0.0, X-CUBE-ST67W61_V1.0.0, X-CUBE-SUBG2_V5.0.0, X-CUBE-TOF1_V3.4.3]
2025-10-09 21:28:19,456 [ERROR] DbExamplesSqlite:437 - Missing JSON key: board_cpn
2025-10-09 21:28:19,456 [ERROR] DbExamplesSqlite:437 - Missing JSON key: board_cpn
2025-10-09 21:28:19,457 [ERROR] DbExamplesSqlite:437 - Missing JSON key: board_cpn
2025-10-09 21:28:19,457 [ERROR] DbExamplesSqlite:437 - Missing JSON key: board_cpn
2025-10-09 21:28:19,860 [ERROR] DbExamplesSqlite:437 - Missing JSON key: board_cpn
2025-10-09 21:28:19,862 [ERROR] DbExamplesSqlite:437 - Missing JSON key: board_cpn
2025-10-09 21:28:19,865 [INFO] DbExamplesSqlite:395 - Ignored 33 examples not supported by CubeIDE
2025-10-09 21:28:19,865 [INFO] DbExamplesSqlite:396 - Found 10871 examples active
2025-10-09 21:28:19,866 [INFO] DbExamplesSqlite:397 - Found 0 examples obsolete
2025-10-09 21:28:19,866 [INFO] DbExamplesSqlite:398 - Found 0 examples under development
2025-10-09 21:28:19,867 [INFO] DbExamplesSqlite:399 - Found 65 examples not building
2025-10-09 21:28:19,870 [INFO] DbExamples:125 - Found 10903 examples
2025-10-09 21:28:19,888 [INFO] DbExamples:222 - Found 134 boards with related examples
2025-10-09 21:28:19,890 [INFO] DbExamples:235 - Found 111 MCUs with related examples
2025-10-09 21:28:19,911 [INFO] ApiDb:414 - User favorites file not found: C:\Users\anish/.stm32cubeide/favorites.examples.txt
2025-10-09 21:28:19,912 [INFO] DbExamples:250 - Set 0 / 0 favorites Examples
2025-10-09 21:28:20,077 [INFO] McuFinderGlobals:76 - Set McuFinderConnectedMode to true
2025-10-09 21:28:20,091 [INFO] MultiScanPanel:200 - Auto-refresh data requested => check proxy status ongoing
2025-10-09 21:28:20,096 [INFO] FinderPluginLoader:96 - Searching for filters in installed packs
2025-10-09 21:28:21,649 [INFO] LoadUrlFilesThread:185 - End of LoadServerUrlFiles without Thread
2025-10-09 21:28:21,661 [INFO] DetailPanel:341 - Set advertising image to C:/Users/anish/STM32Cube/Repository/\en.mcu-finder-stm32n6dk.jpg
2025-10-09 21:28:53,598 [INFO] MainUpdater:2872 - connection check result : 10
2025-10-09 21:28:53,598 [INFO] MainUpdater:2872 - connection check result : 10
2025-10-09 21:28:53,617 [INFO] MicroXplorer:468 - Change Database Path : 
2025-10-09 21:28:53,617 [INFO] MicroXplorer:498 - Change Database Version : DB.6.0.150
2025-10-09 21:28:53,623 [WARN] ThirdParty:871 - waiting for thirdparty lock release [close project]
2025-10-09 21:28:53,623 [INFO] ThirdParty:873 - entering critical section [close project]
2025-10-09 21:28:53,625 [INFO] ThirdParty:883 - exiting critical section [close project]
2025-10-09 21:28:53,628 [INFO] PinOutPanel:1589 - setPackage(No Configuration,No Configuration)
2025-10-09 21:28:53,630 [INFO] UtilMem:75 - Begin LoadConfig() Used Memory: 602755184 Bytes (774897664)
2025-10-09 21:28:53,631 [INFO] MicroXplorer:468 - Change Database Path : 
2025-10-09 21:28:53,631 [INFO] MicroXplorer:498 - Change Database Version : DB.6.0.150
2025-10-09 21:28:53,631 [INFO] OpenFileManager:355 - Change cursor
2025-10-09 21:28:53,676 [INFO] Mcu:2029 - Initializing MCU STM32F446RETx STM32F446RETx STM32F446RET6
2025-10-09 21:28:55,466 [INFO] Context:786 - Trying to add GPIOservice into a context  which must be forbidden
2025-10-09 21:28:55,989 [INFO] ImportTextPane:234 - (OptionalMessage_ERROR) Unable to find key (Mcu.ThirdPartyNb) in loaded IOC file
2025-10-09 21:28:55,989 [INFO] ImportTextPane:234 - (OptionalMessage_ERROR) Unable to find key (Mcu.PinsNb) in loaded IOC file
2025-10-09 21:28:55,991 [INFO] ImportTextPane:234 - (OptionalMessage_ERROR) Pin0 (VP_RIF_VS_RIF1) cannot be retrieved for this MCU
2025-10-09 21:28:55,991 [INFO] ImportTextPane:234 - (OptionalMessage_ERROR) Unable to find key (Mcu.IPNb) in loaded IOC file
2025-10-09 21:28:56,124 [INFO] RtosManager:558 - Registered RTOS mode: class=CMSIS, group=RTOS, mode=CMSIS_V1, owner=FREERTOS
2025-10-09 21:28:56,124 [INFO] RtosManager:558 - Registered RTOS mode: class=CMSIS, group=RTOS2, mode=CMSIS_V2, owner=FREERTOS
2025-10-09 21:28:56,124 [INFO] RtosManager:558 - Registered RTOS mode: class=RTOS, group=Core, mode=CMSIS_V1, owner=FREERTOS
2025-10-09 21:28:56,124 [INFO] RtosManager:558 - Registered RTOS mode: class=RTOS, group=Core, mode=CMSIS_V2, owner=FREERTOS
2025-10-09 21:28:56,125 [WARN] ModelIntegratedComponent:184 - Missing modes for component STMicroelectronics:FreeRTOS:0.0.1:STMicroelectronics:RTOS:FreeRTOS:Core:::10.2.0:
2025-10-09 21:28:56,139 [WARN] ModelIntegratedComponent:63 - No mode defined for component null
2025-10-09 21:28:56,139 [WARN] ModelIntegratedComponent:63 - No mode defined for component null
2025-10-09 21:28:56,139 [WARN] ModelIntegratedComponent:63 - No mode defined for component null
2025-10-09 21:28:56,139 [WARN] ModelIntegratedComponent:63 - No mode defined for component null
2025-10-09 21:28:56,139 [WARN] ModelIntegratedComponent:63 - No mode defined for component null
2025-10-09 21:28:56,139 [WARN] ModelIntegratedComponent:63 - No mode defined for component null
2025-10-09 21:28:56,139 [WARN] ModelIntegratedComponent:63 - No mode defined for component null
2025-10-09 21:28:56,139 [WARN] ModelIntegratedComponent:63 - No mode defined for component null
2025-10-09 21:28:56,140 [WARN] ModelIntegratedComponent:63 - No mode defined for component null
2025-10-09 21:28:56,140 [WARN] ModelIntegratedComponent:63 - No mode defined for component null
2025-10-09 21:28:56,140 [WARN] ModelIntegratedComponent:63 - No mode defined for component null
2025-10-09 21:28:56,140 [WARN] ModelIntegratedComponent:63 - No mode defined for component null
2025-10-09 21:28:56,140 [WARN] ModelIntegratedComponent:63 - No mode defined for component null
2025-10-09 21:28:56,140 [WARN] ModelIntegratedComponent:63 - No mode defined for component null
2025-10-09 21:28:56,140 [WARN] ModelIntegratedComponent:63 - No mode defined for component null
2025-10-09 21:28:56,140 [WARN] ModelIntegratedComponent:63 - No mode defined for component null
2025-10-09 21:28:56,140 [WARN] ModelIntegratedComponent:63 - No mode defined for component null
2025-10-09 21:28:56,140 [WARN] ModelIntegratedComponent:63 - No mode defined for component null
2025-10-09 21:28:56,140 [WARN] ModelIntegratedComponent:63 - No mode defined for component null
2025-10-09 21:28:56,140 [WARN] ModelIntegratedComponent:63 - No mode defined for component null
2025-10-09 21:28:56,140 [WARN] ModelIntegratedComponent:63 - No mode defined for component null
2025-10-09 21:28:56,141 [WARN] ModelIntegratedComponent:63 - No mode defined for component null
2025-10-09 21:28:56,141 [WARN] ModelIntegratedComponent:63 - No mode defined for component null
2025-10-09 21:28:56,141 [WARN] ModelIntegratedComponent:63 - No mode defined for component null
2025-10-09 21:28:56,141 [WARN] ModelIntegratedComponent:63 - No mode defined for component null
2025-10-09 21:28:56,141 [WARN] ModelIntegratedComponent:63 - No mode defined for component null
2025-10-09 21:28:56,141 [WARN] ModelIntegratedComponent:63 - No mode defined for component null
2025-10-09 21:28:56,141 [WARN] ModelIntegratedComponent:63 - No mode defined for component null
2025-10-09 21:28:56,141 [WARN] ModelIntegratedComponent:63 - No mode defined for component null
2025-10-09 21:28:56,141 [WARN] ModelIntegratedComponent:63 - No mode defined for component null
2025-10-09 21:28:56,141 [WARN] ModelIntegratedComponent:63 - No mode defined for component null
2025-10-09 21:28:56,141 [WARN] ModelIntegratedComponent:63 - No mode defined for component null
2025-10-09 21:28:56,141 [WARN] ModelIntegratedComponent:63 - No mode defined for component null
2025-10-09 21:28:56,141 [WARN] ModelIntegratedComponent:63 - No mode defined for component null
2025-10-09 21:28:56,141 [WARN] ModelIntegratedComponent:63 - No mode defined for component null
2025-10-09 21:28:56,141 [WARN] ModelPack:524 - Component already loaded: STMicroelectronics:HAL Drivers:0.0.0:STMicroelectronics:Device:STMicro_Driver:XSPI:HAL::0.0.1:HAL_XSPI
2025-10-09 21:28:56,524 [INFO] ThirdPartyModel:298 - Start build external matchings
2025-10-09 21:28:58,559 [INFO] ThirdPartyModel:316 - End build external matchings
2025-10-09 21:28:58,898 [INFO] UtilMem:75 - End LoadConfig() Used Memory: 733469728 Bytes (1019215872)
2025-10-09 21:28:58,916 [WARN] ThirdParty:833 - waiting for thirdparty lock release [change project]
2025-10-09 21:28:58,917 [INFO] ThirdParty:835 - entering critical section [change project]
2025-10-09 21:28:58,917 [INFO] ThirdParty:1030 - CMSIS Pack Vendor :STMicroelectronics X-CUBE-PM33A1 1.0.0
2025-10-09 21:28:58,917 [INFO] ThirdParty:1030 - CMSIS Pack Vendor :STMicroelectronics USBPD 4.1
2025-10-09 21:28:58,917 [INFO] ThirdParty:1030 - CMSIS Pack Vendor :STMicroelectronics USB_HOST 2.0.0
2025-10-09 21:28:58,917 [INFO] ThirdParty:1030 - CMSIS Pack Vendor :STMicroelectronics FP-SNS-MOTENVWB1 1.4.0
2025-10-09 21:28:58,917 [INFO] ThirdParty:1030 - CMSIS Pack Vendor :STMicroelectronics X-CUBE-AZRTOS-F4 1.1.0
2025-10-09 21:28:58,917 [INFO] ThirdParty:1030 - CMSIS Pack Vendor :STMicroelectronics LIBJPEG 8.0.0
2025-10-09 21:28:58,917 [INFO] ThirdParty:1030 - CMSIS Pack Vendor :STMicroelectronics FP-ATR-ASTRA1 2.0.2
2025-10-09 21:28:58,917 [INFO] ThirdParty:1030 - CMSIS Pack Vendor :STMicroelectronics FP-ATR-ASTRA1 2.0.1
2025-10-09 21:28:58,917 [INFO] ThirdParty:1030 - CMSIS Pack Vendor :Avnet-IotConnect X-CUBE-IoTC-DA16k-PMOD 1.0.0
2025-10-09 21:28:58,917 [INFO] ThirdParty:1030 - CMSIS Pack Vendor :STMicroelectronics X-CUBE-SMBUS 2.1.0
2025-10-09 21:28:58,917 [INFO] ThirdParty:1030 - CMSIS Pack Vendor :STMicroelectronics X-CUBE-WB05N 1.1.0
2025-10-09 21:28:58,917 [INFO] ThirdParty:1030 - CMSIS Pack Vendor :STMicroelectronics X-CUBE-ISPU 2.1.0
2025-10-09 21:28:58,917 [INFO] ThirdParty:1030 - CMSIS Pack Vendor :STMicroelectronics X-CUBE-IPS 3.2.0
2025-10-09 21:28:58,917 [INFO] ThirdParty:1030 - CMSIS Pack Vendor :STMicroelectronics X-CUBE-ST60 1.0.0
2025-10-09 21:28:58,917 [INFO] ThirdParty:1030 - CMSIS Pack Vendor :STMicroelectronics X-CUBE-NFC12 1.0.0
2025-10-09 21:28:58,917 [INFO] ThirdParty:1030 - CMSIS Pack Vendor :STMicroelectronics X-CUBE-AZRTOS-F7 1.1.0
2025-10-09 21:28:58,917 [INFO] ThirdParty:1030 - CMSIS Pack Vendor :STMicroelectronics X-CUBE-AZRTOS-L5 2.0.0
2025-10-09 21:28:58,917 [INFO] ThirdParty:1030 - CMSIS Pack Vendor :STMicroelectronics USB_DEVICE 2.0.0
2025-10-09 21:28:58,917 [INFO] ThirdParty:1030 - CMSIS Pack Vendor :STMicroelectronics X-CUBE-NFC6 3.1.0
2025-10-09 21:28:58,918 [INFO] ThirdParty:1030 - CMSIS Pack Vendor :STMicroelectronics FreeRTOS 0.0.1
2025-10-09 21:28:58,919 [INFO] ThirdParty:1030 - CMSIS Pack Vendor :STMicroelectronics X-CUBE-DPower 1.2.0
2025-10-09 21:28:58,919 [INFO] ThirdParty:1030 - CMSIS Pack Vendor :STMicroelectronics FP-SNS-FLIGHT1 5.0.2
2025-10-09 21:28:58,919 [INFO] ThirdParty:1030 - CMSIS Pack Vendor :Infineon AIROC-Wi-Fi-Bluetooth-STM32 1.7.0
2025-10-09 21:28:58,919 [INFO] ThirdParty:1030 - CMSIS Pack Vendor :STMicroelectronics PDM2PCM 3.3.0
2025-10-09 21:28:58,919 [INFO] ThirdParty:1030 - CMSIS Pack Vendor :STMicroelectronics X-CUBE-AZRTOS-H7 3.4.0
2025-10-09 21:28:58,919 [INFO] ThirdParty:1030 - CMSIS Pack Vendor :STMicroelectronics X-CUBE-DISPLAY 3.0.0
2025-10-09 21:28:58,919 [INFO] ThirdParty:1030 - CMSIS Pack Vendor :STMicroelectronics X-CUBE-BLE1 7.0.0
2025-10-09 21:28:58,919 [INFO] ThirdParty:1030 - CMSIS Pack Vendor :STMicroelectronics X-CUBE-NFC10 1.0.0
2025-10-09 21:28:58,920 [INFO] ThirdParty:1030 - CMSIS Pack Vendor :STMicroelectronics X-CUBE-BLEMGR 4.0.0
2025-10-09 21:28:58,920 [INFO] ThirdParty:1030 - CMSIS Pack Vendor :STMicroelectronics X-CUBE-FREERTOS 1.3.1
2025-10-09 21:28:58,920 [INFO] ThirdParty:1030 - CMSIS Pack Vendor :STMicroelectronics HAL Drivers 0.0.0
2025-10-09 21:28:58,920 [INFO] ThirdParty:1030 - CMSIS Pack Vendor :emotas I-CUBE-CANOPEN 1.3.0
2025-10-09 21:28:58,920 [INFO] ThirdParty:1030 - CMSIS Pack Vendor :STMicroelectronics X-CUBE-FREERTOS 1.3.0
2025-10-09 21:28:58,920 [INFO] ThirdParty:1030 - CMSIS Pack Vendor :STMicroelectronics X-CUBE-NFC7 1.0.1
2025-10-09 21:28:58,920 [INFO] ThirdParty:1030 - CMSIS Pack Vendor :STMicroelectronics MBEDTLS 2.14.1
2025-10-09 21:28:58,920 [INFO] ThirdParty:1030 - CMSIS Pack Vendor :STMicroelectronics X-CUBE-AI 10.0.0
2025-10-09 21:28:58,920 [INFO] ThirdParty:1030 - CMSIS Pack Vendor :STMicroelectronics FP-SNS-STBOX1 2.1.0
2025-10-09 21:28:58,920 [INFO] ThirdParty:1030 - CMSIS Pack Vendor :STMicroelectronics FP-SNS-SMARTAG2 1.2.0
2025-10-09 21:28:58,920 [INFO] ThirdParty:1030 - CMSIS Pack Vendor :STMicroelectronics FP-SNS-FLIGHT1 5.1.0
2025-10-09 21:28:58,920 [INFO] ThirdParty:1030 - CMSIS Pack Vendor :STMicroelectronics X-CUBE-MEMS1 11.1.0
2025-10-09 21:28:58,920 [INFO] ThirdParty:1030 - CMSIS Pack Vendor :STMicroelectronics X-CUBE-AZRTOS-WL 2.0.0
2025-10-09 21:28:58,920 [INFO] ThirdParty:1030 - CMSIS Pack Vendor :STMicroelectronics X-CUBE-DPower 1.3.0
2025-10-09 21:28:58,921 [INFO] ThirdParty:1030 - CMSIS Pack Vendor :STMicroelectronics FP-SNS-MOTENV1 5.0.0
2025-10-09 21:28:58,921 [INFO] ThirdParty:1030 - CMSIS Pack Vendor :STMicroelectronics USB_DEVICE 1.0.0
2025-10-09 21:28:58,921 [INFO] ThirdParty:1030 - CMSIS Pack Vendor :wolfSSL I-CUBE-wolfMQTT 1.19.0
2025-10-09 21:28:58,921 [INFO] ThirdParty:1030 - CMSIS Pack Vendor :STMicroelectronics X-CUBE-AZRTOS-L4 2.0.0
2025-10-09 21:28:58,921 [INFO] ThirdParty:1030 - CMSIS Pack Vendor :STMicroelectronics ThreadX 0.0.2
2025-10-09 21:28:58,921 [INFO] ThirdParty:1030 - CMSIS Pack Vendor :WES I-CUBE-Cesium 1.3.0
2025-10-09 21:28:58,921 [INFO] ThirdParty:1030 - CMSIS Pack Vendor :STMicroelectronics lwIP 2.1.2
2025-10-09 21:28:58,921 [INFO] ThirdParty:1030 - CMSIS Pack Vendor :STMicroelectronics X-CUBE-SFXS2LP1 4.0.0
2025-10-09 21:28:58,921 [INFO] ThirdParty:1030 - CMSIS Pack Vendor :STMicroelectronics X-CUBE-BLE2 3.3.0
2025-10-09 21:28:58,921 [INFO] ThirdParty:1030 - CMSIS Pack Vendor :STMicroelectronics PDM2PCM 3.2.0
2025-10-09 21:28:58,921 [INFO] ThirdParty:1030 - CMSIS Pack Vendor :STMicroelectronics X-CUBE-AZRTOS-H7 3.3.0
2025-10-09 21:28:58,921 [INFO] ThirdParty:1030 - CMSIS Pack Vendor :STMicroelectronics X-CUBE-NFC9 1.0.0
2025-10-09 21:28:58,921 [INFO] ThirdParty:1030 - CMSIS Pack Vendor :STMicroelectronics X-CUBE-BLE1 7.1.0
2025-10-09 21:28:58,921 [INFO] ThirdParty:1030 - CMSIS Pack Vendor :STMicroelectronics USB_DEVICE 3.0.0
2025-10-09 21:28:58,921 [INFO] ThirdParty:1030 - CMSIS Pack Vendor :STMicroelectronics X-CUBE-EEPRMA1 5.2.0
2025-10-09 21:28:58,921 [INFO] ThirdParty:1030 - CMSIS Pack Vendor :STMicroelectronics X-CUBE-AZRTOS-WB 2.0.0
2025-10-09 21:28:58,921 [INFO] ThirdParty:1030 - CMSIS Pack Vendor :STMicroelectronics X-CUBE-GNSS1 7.0.1
2025-10-09 21:28:58,921 [INFO] ThirdParty:1030 - CMSIS Pack Vendor :STMicroelectronics X-CUBE-TOUCHGFX 4.25.0
2025-10-09 21:28:58,921 [INFO] ThirdParty:1030 - CMSIS Pack Vendor :STMicroelectronics X-CUBE-AI 10.1.0
2025-10-09 21:28:58,921 [INFO] ThirdParty:1030 - CMSIS Pack Vendor :STMicroelectronics FP-SNS-STBOX1 2.0.0
2025-10-09 21:28:58,921 [INFO] ThirdParty:1030 - CMSIS Pack Vendor :STMicroelectronics X-CUBE-MEMS1 11.2.0
2025-10-09 21:28:58,921 [INFO] ThirdParty:1030 - CMSIS Pack Vendor :STMicroelectronics X-CUBE-AZRTOS-G0 1.1.0
2025-10-09 21:28:58,921 [INFO] ThirdParty:1030 - CMSIS Pack Vendor :STMicroelectronics X-CUBE-SAFEA1 1.2.2
2025-10-09 21:28:58,921 [INFO] ThirdParty:1030 - CMSIS Pack Vendor :STMicroelectronics X-CUBE-NFC4 3.0.0
2025-10-09 21:28:58,921 [INFO] ThirdParty:1030 - CMSIS Pack Vendor :STMicroelectronics X-CUBE-SUBG2 5.0.0
2025-10-09 21:28:58,922 [INFO] ThirdParty:1030 - CMSIS Pack Vendor :STMicroelectronics X-CUBE-AZRTOS-H7RS 1.1.0
2025-10-09 21:28:58,922 [INFO] ThirdParty:1030 - CMSIS Pack Vendor :STMicroelectronics STM32_WPAN 1.0.0
2025-10-09 21:28:58,922 [INFO] ThirdParty:1030 - CMSIS Pack Vendor :EmbeddedOffice I-CUBE-FS-RTOS 1.0.1
2025-10-09 21:28:58,922 [INFO] ThirdParty:1030 - CMSIS Pack Vendor :STMicroelectronics lwIP 2.0.3
2025-10-09 21:28:58,922 [INFO] ThirdParty:1030 - CMSIS Pack Vendor :Cesanta I-CUBE-Mongoose 7.13.0
2025-10-09 21:28:58,922 [INFO] ThirdParty:1030 - CMSIS Pack Vendor :STMicroelectronics USB_HOST 1.0.0
2025-10-09 21:28:58,922 [INFO] ThirdParty:1030 - CMSIS Pack Vendor :STMicroelectronics X-CUBE-AZRTOS-G4 2.0.0
2025-10-09 21:28:58,922 [INFO] ThirdParty:1030 - CMSIS Pack Vendor :STMicroelectronics X-CUBE-WB05N 2.0.0
2025-10-09 21:28:58,922 [INFO] ThirdParty:1030 - CMSIS Pack Vendor :STMicroelectronics PDM2PCM 3.1.0
2025-10-09 21:28:58,922 [INFO] ThirdParty:1030 - CMSIS Pack Vendor :STMicroelectronics X-CUBE-NFC7 2.0.0
2025-10-09 21:28:58,922 [INFO] ThirdParty:1030 - CMSIS Pack Vendor :STMicroelectronics X-CUBE-TCPP 4.2.0
2025-10-09 21:28:58,922 [INFO] ThirdParty:1030 - CMSIS Pack Vendor :RealThread X-CUBE-RT-Thread_Nano 4.1.1
2025-10-09 21:28:58,922 [INFO] ThirdParty:1030 - CMSIS Pack Vendor :STMicroelectronics FP-ATR-SIGFOX1 3.2.0
2025-10-09 21:28:58,922 [INFO] ThirdParty:1030 - CMSIS Pack Vendor :quantropi X-CUBE-qispace-sdk-base 1.9.3
2025-10-09 21:28:58,922 [INFO] ThirdParty:1030 - CMSIS Pack Vendor :STMicroelectronics X-CUBE-EEPRMA1 5.1.0
2025-10-09 21:28:58,922 [INFO] ThirdParty:1030 - CMSIS Pack Vendor :STMicroelectronics MBEDTLS 2.16.2
2025-10-09 21:28:58,922 [INFO] ThirdParty:1030 - CMSIS Pack Vendor :STMicroelectronics X-CUBE-IPS 3.1.0
2025-10-09 21:28:58,922 [INFO] ThirdParty:1030 - CMSIS Pack Vendor :STMicroelectronics X-CUBE-ALS 1.0.2
2025-10-09 21:28:58,922 [INFO] ThirdParty:1030 - CMSIS Pack Vendor :wolfSSL I-CUBE-wolfSSL 5.7.4
2025-10-09 21:28:58,922 [INFO] ThirdParty:1030 - CMSIS Pack Vendor :ITTIA_DB I-CUBE-ITTIADB 8.9.0
2025-10-09 21:28:58,922 [INFO] ThirdParty:1030 - CMSIS Pack Vendor :STMicroelectronics X-CUBE-TOUCHGFX 4.24.2
2025-10-09 21:28:58,922 [INFO] ThirdParty:1030 - CMSIS Pack Vendor :STMicroelectronics X-CUBE-STSE01 1.0.0
2025-10-09 21:28:58,922 [INFO] ThirdParty:1030 - CMSIS Pack Vendor :wolfSSL I-CUBE-wolfTPM 3.4.0
2025-10-09 21:28:58,922 [INFO] ThirdParty:1030 - CMSIS Pack Vendor :portGmbH I-Cube-SoM-uGOAL 1.1.0
2025-10-09 21:28:58,922 [INFO] ThirdParty:1030 - CMSIS Pack Vendor :STMicroelectronics X-CUBE-ST67W61 1.0.0
2025-10-09 21:28:58,922 [INFO] ThirdParty:1030 - CMSIS Pack Vendor :STMicroelectronics X-CUBE-AI 10.2.0
2025-10-09 21:28:58,922 [INFO] ThirdParty:1030 - CMSIS Pack Vendor :STMicroelectronics ThreadX 1.0.0
2025-10-09 21:28:58,922 [INFO] ThirdParty:1030 - CMSIS Pack Vendor :SEGGER I-CUBE-embOS 1.3.1
2025-10-09 21:28:58,923 [INFO] ThirdParty:1030 - CMSIS Pack Vendor :STMicroelectronics X-CUBE-ALGOBUILD 1.4.0
2025-10-09 21:28:58,923 [INFO] ThirdParty:1030 - CMSIS Pack Vendor :STMicroelectronics X-CUBE-MEMS1 11.3.0
2025-10-09 21:28:58,923 [INFO] ThirdParty:1030 - CMSIS Pack Vendor :STMicroelectronics X-CUBE-AZRTOS-H7RS 1.0.0
2025-10-09 21:28:58,923 [INFO] ThirdParty:1030 - CMSIS Pack Vendor :STMicroelectronics X-CUBE-TOF1 3.4.2
2025-10-09 21:28:58,923 [INFO] ThirdParty:1030 - CMSIS Pack Vendor :STMicroelectronics X-CUBE-TOF1 3.4.3
2025-10-09 21:28:58,923 [INFO] ThirdParty:1030 - CMSIS Pack Vendor :STMicroelectronics X-CUBE-AI 9.1.0
2025-10-09 21:28:58,923 [INFO] ThirdParty:1030 - CMSIS Pack Vendor :wolfSSL I-CUBE-wolfSSH 1.4.17
2025-10-09 21:28:58,923 [INFO] ThirdParty:841 - exiting critical section [change project]
2025-10-09 21:28:59,451 [INFO] PinOutPanel:1589 - setPackage(No Configuration,No Configuration)
2025-10-09 21:28:59,453 [INFO] PinOutPanel:1589 - setPackage(STM32F446RETx,LQFP64)
2025-10-09 21:29:00,302 [INFO] UtilMem:75 - Before build in PCC Used Memory: 572243456 Bytes (1019215872)
2025-10-09 21:29:01,475 [INFO] UtilMem:75 - After build in PCC Used Memory: 648267264 Bytes (1019215872)
2025-10-09 21:29:01,528 [INFO] IPUIPlugin:80 - create IPUIPlugin
2025-10-09 21:29:01,529 [INFO] IPUIPlugin:80 - create IPUIPlugin
2025-10-09 21:29:01,529 [INFO] IPUIPlugin:80 - create IPUIPlugin
2025-10-09 21:29:01,529 [INFO] IPUIPlugin:80 - create IPUIPlugin
2025-10-09 21:29:01,529 [INFO] IPUIPlugin:80 - create IPUIPlugin
2025-10-09 21:29:01,530 [INFO] IPUIPlugin:80 - create IPUIPlugin
2025-10-09 21:29:01,530 [INFO] IPUIPlugin:80 - create IPUIPlugin
2025-10-09 21:29:01,530 [INFO] IPUIPlugin:80 - create IPUIPlugin
2025-10-09 21:29:01,531 [INFO] IPUIPlugin:80 - create IPUIPlugin
2025-10-09 21:29:01,531 [INFO] IPUIPlugin:80 - create IPUIPlugin
2025-10-09 21:29:01,531 [INFO] IPUIPlugin:80 - create IPUIPlugin
2025-10-09 21:29:01,531 [INFO] IPUIPlugin:80 - create IPUIPlugin
2025-10-09 21:29:01,531 [INFO] IPUIPlugin:80 - create IPUIPlugin
2025-10-09 21:29:01,531 [INFO] IPUIPlugin:80 - create IPUIPlugin
2025-10-09 21:29:01,531 [INFO] IPUIPlugin:80 - create IPUIPlugin
2025-10-09 21:29:01,531 [INFO] IPUIPlugin:80 - create IPUIPlugin
2025-10-09 21:29:01,531 [INFO] IPUIPlugin:80 - create IPUIPlugin
2025-10-09 21:29:01,532 [INFO] IPUIPlugin:80 - create IPUIPlugin
2025-10-09 21:29:01,532 [INFO] IPUIPlugin:80 - create IPUIPlugin
2025-10-09 21:29:01,532 [INFO] IPUIPlugin:80 - create IPUIPlugin
2025-10-09 21:29:01,532 [INFO] IPUIPlugin:80 - create IPUIPlugin
2025-10-09 21:29:01,532 [INFO] IPUIPlugin:80 - create IPUIPlugin
2025-10-09 21:29:01,532 [INFO] IPUIPlugin:80 - create IPUIPlugin
2025-10-09 21:29:01,532 [INFO] IPUIPlugin:80 - create IPUIPlugin
2025-10-09 21:29:01,533 [INFO] IPUIPlugin:80 - create IPUIPlugin
2025-10-09 21:29:01,533 [INFO] IPUIPlugin:80 - create IPUIPlugin
2025-10-09 21:29:01,533 [INFO] IPUIPlugin:80 - create IPUIPlugin
2025-10-09 21:29:01,535 [INFO] IPUIPlugin:80 - create IPUIPlugin
2025-10-09 21:29:01,535 [INFO] IPUIPlugin:80 - create IPUIPlugin
2025-10-09 21:29:01,535 [INFO] IPUIPlugin:80 - create IPUIPlugin
2025-10-09 21:29:01,535 [INFO] IPUIPlugin:80 - create IPUIPlugin
2025-10-09 21:29:01,536 [INFO] IPUIPlugin:80 - create IPUIPlugin
2025-10-09 21:29:01,536 [INFO] IPUIPlugin:80 - create IPUIPlugin
2025-10-09 21:29:01,536 [INFO] IPUIPlugin:80 - create IPUIPlugin
2025-10-09 21:29:01,537 [INFO] IPUIPlugin:80 - create IPUIPlugin
2025-10-09 21:29:01,537 [INFO] IPUIPlugin:80 - create IPUIPlugin
2025-10-09 21:29:01,537 [INFO] IPUIPlugin:80 - create IPUIPlugin
2025-10-09 21:29:01,537 [INFO] IPUIPlugin:80 - create IPUIPlugin
2025-10-09 21:29:01,538 [INFO] IPUIPlugin:80 - create IPUIPlugin
2025-10-09 21:29:01,538 [INFO] IPUIPlugin:80 - create IPUIPlugin
2025-10-09 21:29:01,538 [INFO] IPUIPlugin:80 - create IPUIPlugin
2025-10-09 21:29:01,539 [INFO] IPUIPlugin:80 - create IPUIPlugin
2025-10-09 21:29:01,539 [INFO] IPUIPlugin:80 - create IPUIPlugin
2025-10-09 21:29:01,539 [INFO] IPUIPlugin:80 - create IPUIPlugin
2025-10-09 21:29:01,540 [INFO] IPUIPlugin:80 - create IPUIPlugin
2025-10-09 21:29:01,540 [INFO] IPUIPlugin:80 - create IPUIPlugin
2025-10-09 21:29:01,540 [INFO] IPUIPlugin:80 - create IPUIPlugin
2025-10-09 21:29:01,540 [INFO] IPUIPlugin:80 - create IPUIPlugin
2025-10-09 21:29:01,542 [INFO] IPUIPlugin:80 - create IPUIPlugin
2025-10-09 21:29:01,542 [INFO] IPUIPlugin:80 - create IPUIPlugin
2025-10-09 21:29:01,543 [INFO] IPUIPlugin:80 - create IPUIPlugin
2025-10-09 21:29:01,543 [INFO] IPUIPlugin:80 - create IPUIPlugin
2025-10-09 21:29:01,543 [INFO] IPUIPlugin:80 - create IPUIPlugin
2025-10-09 21:29:01,544 [INFO] IPUIPlugin:80 - create IPUIPlugin
2025-10-09 21:29:01,544 [INFO] IPUIPlugin:80 - create IPUIPlugin
2025-10-09 21:29:01,545 [INFO] IPUIPlugin:80 - create IPUIPlugin
2025-10-09 21:29:01,545 [INFO] IPUIPlugin:80 - create IPUIPlugin
2025-10-09 21:29:01,545 [INFO] IPUIPlugin:80 - create IPUIPlugin
2025-10-09 21:29:01,545 [INFO] IPUIPlugin:80 - create IPUIPlugin
2025-10-09 21:29:01,546 [INFO] IPUIPlugin:80 - create IPUIPlugin
2025-10-09 21:29:01,648 [INFO] ApiDbMcu:532 - Load IP Config File for PDM2PCM
2025-10-09 21:29:01,868 [INFO] CADModel:165 - CPN selected for project levelSTM32F446RET6
2025-10-09 21:29:01,868 [INFO] CADModel:114 - Register for checkConnection events
2025-10-09 21:29:01,908 [INFO] OpenFileManager:386 - Restore cursor
2025-10-09 21:29:03,318 [INFO] UtilMem:75 - End SaveConfig() Used Memory: 538909744 Bytes (1019215872)
2025-10-09 21:29:03,448 [INFO] UtilMem:75 - End SaveConfig() Used Memory: 579219264 Bytes (1019215872)
2025-10-09 21:29:04,100 [INFO] BlockDiagram:2775 - set Specific Code input for plugin: RCC
2025-10-09 21:29:04,100 [INFO] BlockDiagram:2775 - set Specific Code input for plugin: NVIC
2025-10-09 21:29:04,102 [INFO] CodeGenerator:892 - code generatio: config db path: C:\ST\STM32CubeIDE_1.18.0\STM32CubeIDE\plugins\com.st.stm32cube.common.mx_6.15.0.202507011659\\db\
2025-10-09 21:29:04,364 [INFO] CodeEngine:265 - oldGeneratedFile, C:\Users\anish\OneDrive\Documents\GitHub_Repositories\Interfacing-HMC5883L-with-STM32\test0\MXTmpFiles\license.tmp_save
2025-10-09 21:29:04,925 [INFO] CodeEngine:289 - Generated code: C:\Users\anish\OneDrive\Documents\GitHub_Repositories\Interfacing-HMC5883L-with-STM32\test0\MXTmpFiles\license.tmp
2025-10-09 21:29:04,968 [INFO] CodeEngine:265 - oldGeneratedFile, C:\Users\anish\OneDrive\Documents\GitHub_Repositories\Interfacing-HMC5883L-with-STM32\test0\Core\Src\stm32f4xx_it.c_save
2025-10-09 21:29:05,276 [INFO] CodeEngine:289 - Generated code: C:\Users\anish\OneDrive\Documents\GitHub_Repositories\Interfacing-HMC5883L-with-STM32\test0\Core\Src\stm32f4xx_it.c
2025-10-09 21:29:05,287 [INFO] CodeEngine:265 - oldGeneratedFile, C:\Users\anish\OneDrive\Documents\GitHub_Repositories\Interfacing-HMC5883L-with-STM32\test0\Core\Inc\stm32f4xx_it.h_save
2025-10-09 21:29:05,471 [INFO] CodeEngine:289 - Generated code: C:\Users\anish\OneDrive\Documents\GitHub_Repositories\Interfacing-HMC5883L-with-STM32\test0\Core\Inc\stm32f4xx_it.h
2025-10-09 21:29:05,635 [INFO] CodeEngine:265 - oldGeneratedFile, C:\Users\anish\OneDrive\Documents\GitHub_Repositories\Interfacing-HMC5883L-with-STM32\test0\Core\Src\stm32f4xx_hal_msp.c_save
2025-10-09 21:29:05,937 [INFO] CodeEngine:289 - Generated code: C:\Users\anish\OneDrive\Documents\GitHub_Repositories\Interfacing-HMC5883L-with-STM32\test0\Core\Src\stm32f4xx_hal_msp.c
2025-10-09 21:29:05,953 [INFO] CodeEngine:265 - oldGeneratedFile, C:\Users\anish\OneDrive\Documents\GitHub_Repositories\Interfacing-HMC5883L-with-STM32\test0\MXTmpFiles\system.tmp_save
2025-10-09 21:29:06,123 [INFO] CodeEngine:289 - Generated code: C:\Users\anish\OneDrive\Documents\GitHub_Repositories\Interfacing-HMC5883L-with-STM32\test0\MXTmpFiles\system.tmp
2025-10-09 21:29:06,149 [INFO] CodeEngine:321 - oldGeneratedFile, C:\Users\anish\OneDrive\Documents\GitHub_Repositories\Interfacing-HMC5883L-with-STM32\test0\Core\Inc\stm32f4xx_hal_conf.h_save
2025-10-09 21:29:06,333 [INFO] CodeEngine:345 - Generated code: C:\Users\anish\OneDrive\Documents\GitHub_Repositories\Interfacing-HMC5883L-with-STM32\test0\Core\Inc\stm32f4xx_hal_conf.h
2025-10-09 21:29:06,480 [WARN] IPConfigManager:3238 - Warning: the RefConfig PLL2P_FOR_MCO is not available in your config.xml file
2025-10-09 21:29:06,498 [INFO] ApiDbMcu:532 - Load IP Config File for RCC
2025-10-09 21:29:06,518 [INFO] CodeEngine:265 - oldGeneratedFile, C:\Users\anish\OneDrive\Documents\GitHub_Repositories\Interfacing-HMC5883L-with-STM32\test0\Core\Inc\main.h_save
2025-10-09 21:29:06,721 [INFO] CodeEngine:289 - Generated code: C:\Users\anish\OneDrive\Documents\GitHub_Repositories\Interfacing-HMC5883L-with-STM32\test0\Core\Inc\main.h
2025-10-09 21:29:06,733 [INFO] CodeEngine:265 - oldGeneratedFile, C:\Users\anish\OneDrive\Documents\GitHub_Repositories\Interfacing-HMC5883L-with-STM32\test0\Core\Src\main.c_save
2025-10-09 21:29:06,989 [INFO] CodeEngine:289 - Generated code: C:\Users\anish\OneDrive\Documents\GitHub_Repositories\Interfacing-HMC5883L-with-STM32\test0\Core\Src\main.c
2025-10-09 21:29:07,716 [INFO] ProjectBuilder:3606 - Time for Copy HAL[1] : 288mS.
2025-10-09 21:29:07,726 [INFO] ProjectBuilder:5216 - Project Generator version: 4.7.0-B52
2025-10-09 21:29:07,817 [INFO] ConfigFileManager:1595 - The Die is : DIE421
2025-10-09 21:29:07,828 [INFO] ApiDbMcu:532 - Load IP Config File for FATFS
2025-10-09 21:29:07,835 [INFO] ApiDbMcu:532 - Load IP Config File for FREERTOS
2025-10-09 21:29:07,838 [INFO] ApiDbMcu:532 - Load IP Config File for LIBJPEG
2025-10-09 21:29:07,845 [INFO] ApiDbMcu:532 - Load IP Config File for MBEDTLS
2025-10-09 21:29:07,852 [INFO] ApiDbMcu:532 - Load IP Config File for USB_DEVICE
2025-10-09 21:29:07,857 [INFO] ApiDbMcu:532 - Load IP Config File for USB_HOST
2025-10-09 21:29:08,293 [INFO] LogOutputStream:77 - [STDOUT_REDIRECT] 
2025-10-09 21:29:13,894 [INFO] ProjectBuilder:5496 - Time for Generating toolchain IDE Files: 6169mS.
2025-10-09 21:29:13,895 [INFO] ProjectBuilder:3463 - Time for Copy CMSIS : 1mS.
2025-10-09 21:29:13,898 [INFO] ProjectBuilder:3463 - Time for Copy CMSIS : 0mS.
2025-10-09 21:29:14,815 [INFO] McuFinderGlobals:76 - Set McuFinderConnectedMode to true
2025-10-09 21:29:14,861 [INFO] ApiDb:448 - Save user favorites file C:\Users\anish/.stm32cubeide/favorites.mcus.txt: 0 item(s)
2025-10-09 21:29:14,862 [INFO] ApiDb:452 - User favorites MCUs=[]
2025-10-09 21:31:32,397 [WARN] IP:2250 - I2C_Coeff_DF not found: check if there is a RefParameter without a condition.
2025-10-09 21:31:32,397 [WARN] IP:2250 - Analog_Filter not found: check if there is a RefParameter without a condition.
2025-10-09 21:31:32,437 [WARN] IP:2250 - I2C_Coeff_DF not found: check if there is a RefParameter without a condition.
2025-10-09 21:31:32,437 [WARN] IP:2250 - Analog_Filter not found: check if there is a RefParameter without a condition.
2025-10-09 21:31:32,437 [WARN] IP:2250 - I2C_Coeff_DF not found: check if there is a RefParameter without a condition.
2025-10-09 21:31:32,437 [WARN] IP:2250 - Analog_Filter not found: check if there is a RefParameter without a condition.
2025-10-09 21:31:32,494 [WARN] IP:2250 - I2C_Coeff_DF not found: check if there is a RefParameter without a condition.
2025-10-09 21:31:32,494 [WARN] IP:2250 - Analog_Filter not found: check if there is a RefParameter without a condition.
2025-10-09 21:31:32,497 [WARN] IP:2250 - I2C_Coeff_DF not found: check if there is a RefParameter without a condition.
2025-10-09 21:31:32,497 [WARN] IP:2250 - Analog_Filter not found: check if there is a RefParameter without a condition.
2025-10-09 21:32:15,669 [WARN] IP:2250 - I2C_Coeff_DF not found: check if there is a RefParameter without a condition.
2025-10-09 21:32:15,671 [WARN] IP:2250 - Analog_Filter not found: check if there is a RefParameter without a condition.
2025-10-09 21:32:15,672 [WARN] IP:2250 - I2C_Coeff_DF not found: check if there is a RefParameter without a condition.
2025-10-09 21:32:15,672 [WARN] IP:2250 - Analog_Filter not found: check if there is a RefParameter without a condition.
2025-10-09 21:32:16,972 [WARN] IP:2250 - I2C_Coeff_DF not found: check if there is a RefParameter without a condition.
2025-10-09 21:32:16,973 [WARN] IP:2250 - Analog_Filter not found: check if there is a RefParameter without a condition.
2025-10-09 21:32:16,973 [WARN] IP:2250 - I2C_Coeff_DF not found: check if there is a RefParameter without a condition.
2025-10-09 21:32:16,974 [WARN] IP:2250 - Analog_Filter not found: check if there is a RefParameter without a condition.
2025-10-09 21:32:22,646 [WARN] IP:2250 - I2C_Coeff_DF not found: check if there is a RefParameter without a condition.
2025-10-09 21:32:22,646 [WARN] IP:2250 - Analog_Filter not found: check if there is a RefParameter without a condition.
2025-10-09 21:32:22,646 [WARN] IP:2250 - I2C_Coeff_DF not found: check if there is a RefParameter without a condition.
2025-10-09 21:32:22,647 [WARN] IP:2250 - Analog_Filter not found: check if there is a RefParameter without a condition.
2025-10-09 21:32:27,075 [WARN] IP:2250 - I2C_Coeff_DF not found: check if there is a RefParameter without a condition.
2025-10-09 21:32:27,075 [WARN] IP:2250 - Analog_Filter not found: check if there is a RefParameter without a condition.
2025-10-09 21:32:27,076 [WARN] IP:2250 - I2C_Coeff_DF not found: check if there is a RefParameter without a condition.
2025-10-09 21:32:27,076 [WARN] IP:2250 - Analog_Filter not found: check if there is a RefParameter without a condition.
2025-10-09 21:32:27,263 [WARN] IP:2250 - I2C_Coeff_DF not found: check if there is a RefParameter without a condition.
2025-10-09 21:32:27,263 [WARN] IP:2250 - Analog_Filter not found: check if there is a RefParameter without a condition.
2025-10-09 21:32:27,264 [WARN] IP:2250 - I2C_Coeff_DF not found: check if there is a RefParameter without a condition.
2025-10-09 21:32:27,264 [WARN] IP:2250 - Analog_Filter not found: check if there is a RefParameter without a condition.
2025-10-09 21:32:43,447 [INFO] Gpio:278 - dependency for GPIO [I2C1, SYS, USART2]
2025-10-09 21:32:46,311 [INFO] Gpio:278 - dependency for GPIO [I2C1, SYS, USART2]
2025-10-09 21:33:51,821 [WARN] IP:2250 - I2C_Coeff_DF not found: check if there is a RefParameter without a condition.
2025-10-09 21:33:51,821 [WARN] IP:2250 - Analog_Filter not found: check if there is a RefParameter without a condition.
2025-10-09 21:34:05,080 [INFO] UtilMem:75 - End SaveConfig() Used Memory: 517157960 Bytes (804257792)
2025-10-09 21:34:06,504 [INFO] UtilMem:75 - End SaveConfig() Used Memory: 558052424 Bytes (804257792)
2025-10-09 21:34:10,161 [INFO] UtilMem:75 - End SaveConfig() Used Memory: 281088536 Bytes (804257792)
2025-10-09 21:34:10,538 [INFO] BlockDiagram:2775 - set Specific Code input for plugin: SYS
2025-10-09 21:34:10,538 [INFO] BlockDiagram:2775 - set Specific Code input for plugin: RCC
2025-10-09 21:34:10,538 [INFO] BlockDiagram:2775 - set Specific Code input for plugin: I2C
2025-10-09 21:34:10,539 [INFO] BlockDiagram:2775 - set Specific Code input for plugin: NVIC
2025-10-09 21:34:10,539 [INFO] BlockDiagram:2775 - set Specific Code input for plugin: USART
2025-10-09 21:34:10,539 [INFO] BlockDiagram:2775 - set Specific Code input for plugin: GPIO
2025-10-09 21:34:10,541 [INFO] CodeGenerator:892 - code generatio: config db path: C:\ST\STM32CubeIDE_1.18.0\STM32CubeIDE\plugins\com.st.stm32cube.common.mx_6.15.0.202507011659\\db\
2025-10-09 21:34:10,543 [WARN] IP:2250 - I2C_Coeff_DF not found: check if there is a RefParameter without a condition.
2025-10-09 21:34:10,543 [WARN] IP:2250 - Analog_Filter not found: check if there is a RefParameter without a condition.
2025-10-09 21:34:10,634 [INFO] CodeEngine:265 - oldGeneratedFile, C:\Users\anish\OneDrive\Documents\GitHub_Repositories\Interfacing-HMC5883L-with-STM32\test0\MXTmpFiles\license.tmp_save
2025-10-09 21:34:10,940 [INFO] CodeEngine:289 - Generated code: C:\Users\anish\OneDrive\Documents\GitHub_Repositories\Interfacing-HMC5883L-with-STM32\test0\MXTmpFiles\license.tmp
2025-10-09 21:34:11,009 [INFO] CodeEngine:265 - oldGeneratedFile, C:\Users\anish\OneDrive\Documents\GitHub_Repositories\Interfacing-HMC5883L-with-STM32\test0\MXTmpFiles\gpio.tmp_save
2025-10-09 21:34:11,127 [INFO] CodeEngine:289 - Generated code: C:\Users\anish\OneDrive\Documents\GitHub_Repositories\Interfacing-HMC5883L-with-STM32\test0\MXTmpFiles\gpio.tmp
2025-10-09 21:34:11,263 [INFO] CodeEngine:265 - oldGeneratedFile, C:\Users\anish\OneDrive\Documents\GitHub_Repositories\Interfacing-HMC5883L-with-STM32\test0\Core\Src\stm32f4xx_it.c_save
2025-10-09 21:34:11,525 [INFO] CodeEngine:289 - Generated code: C:\Users\anish\OneDrive\Documents\GitHub_Repositories\Interfacing-HMC5883L-with-STM32\test0\Core\Src\stm32f4xx_it.c
2025-10-09 21:34:11,536 [INFO] CodeEngine:265 - oldGeneratedFile, C:\Users\anish\OneDrive\Documents\GitHub_Repositories\Interfacing-HMC5883L-with-STM32\test0\Core\Inc\stm32f4xx_it.h_save
2025-10-09 21:34:11,623 [INFO] CodeEngine:289 - Generated code: C:\Users\anish\OneDrive\Documents\GitHub_Repositories\Interfacing-HMC5883L-with-STM32\test0\Core\Inc\stm32f4xx_it.h
2025-10-09 21:34:11,643 [INFO] CodeEngine:265 - oldGeneratedFile, C:\Users\anish\OneDrive\Documents\GitHub_Repositories\Interfacing-HMC5883L-with-STM32\test0\Core\Src\stm32f4xx_hal_msp.c_save
2025-10-09 21:34:11,796 [INFO] CodeEngine:289 - Generated code: C:\Users\anish\OneDrive\Documents\GitHub_Repositories\Interfacing-HMC5883L-with-STM32\test0\Core\Src\stm32f4xx_hal_msp.c
2025-10-09 21:34:11,804 [INFO] CodeEngine:265 - oldGeneratedFile, C:\Users\anish\OneDrive\Documents\GitHub_Repositories\Interfacing-HMC5883L-with-STM32\test0\MXTmpFiles\system.tmp_save
2025-10-09 21:34:11,880 [INFO] CodeEngine:289 - Generated code: C:\Users\anish\OneDrive\Documents\GitHub_Repositories\Interfacing-HMC5883L-with-STM32\test0\MXTmpFiles\system.tmp
2025-10-09 21:34:11,897 [INFO] CodeEngine:321 - oldGeneratedFile, C:\Users\anish\OneDrive\Documents\GitHub_Repositories\Interfacing-HMC5883L-with-STM32\test0\Core\Inc\stm32f4xx_hal_conf.h_save
2025-10-09 21:34:11,998 [INFO] CodeEngine:345 - Generated code: C:\Users\anish\OneDrive\Documents\GitHub_Repositories\Interfacing-HMC5883L-with-STM32\test0\Core\Inc\stm32f4xx_hal_conf.h
2025-10-09 21:34:12,028 [WARN] IPConfigManager:3238 - Warning: the RefConfig PLL2P_FOR_MCO is not available in your config.xml file
2025-10-09 21:34:12,035 [INFO] ApiDbMcu:532 - Load IP Config File for I2C1
2025-10-09 21:34:12,040 [INFO] ApiDbMcu:532 - Load IP Config File for USART2
2025-10-09 21:34:12,053 [INFO] CodeEngine:265 - oldGeneratedFile, C:\Users\anish\OneDrive\Documents\GitHub_Repositories\Interfacing-HMC5883L-with-STM32\test0\Core\Inc\main.h_save
2025-10-09 21:34:12,161 [INFO] CodeEngine:289 - Generated code: C:\Users\anish\OneDrive\Documents\GitHub_Repositories\Interfacing-HMC5883L-with-STM32\test0\Core\Inc\main.h
2025-10-09 21:34:12,171 [INFO] CodeEngine:265 - oldGeneratedFile, C:\Users\anish\OneDrive\Documents\GitHub_Repositories\Interfacing-HMC5883L-with-STM32\test0\Core\Src\main.c_save
2025-10-09 21:34:12,319 [INFO] CodeEngine:289 - Generated code: C:\Users\anish\OneDrive\Documents\GitHub_Repositories\Interfacing-HMC5883L-with-STM32\test0\Core\Src\main.c
2025-10-09 21:34:12,748 [INFO] ProjectBuilder:3606 - Time for Copy HAL[1] : 242mS.
2025-10-09 21:34:12,753 [INFO] ProjectBuilder:5216 - Project Generator version: 4.7.0-B52
2025-10-09 21:34:12,897 [INFO] ConfigFileManager:1595 - The Die is : DIE421
2025-10-09 21:34:14,342 [INFO] ProjectBuilder:5496 - Time for Generating toolchain IDE Files: 1589mS.
2025-10-09 21:34:14,343 [INFO] ProjectBuilder:3463 - Time for Copy CMSIS : 1mS.
2025-10-09 21:34:14,348 [INFO] ProjectBuilder:3463 - Time for Copy CMSIS : 0mS.
2025-10-09 22:25:06,017 [ERROR] LogOutputStream:75 - [STDERR_REDIRECT] 
2025-10-09 22:25:06,019 [ERROR] LogOutputStream:75 - [STDERR_REDIRECT] 
2025-10-09 22:25:18,010 [INFO] Activator:176 - 


2025-10-09 22:25:18,012 [INFO] Activator:177 - !SESSION log4j initialized
2025-10-09 22:25:23,219 [INFO] LogOutputStream:77 - [STDOUT_REDIRECT] 
2025-10-09 22:25:24,642 [INFO] ApplicationProperties:184 - Using Application install path: C:\ST\STM32CubeIDE_1.18.0\STM32CubeIDE\plugins\com.st.stm32cube.common.mx_6.15.0.202507011659
2025-10-09 22:25:24,660 [INFO] DbMcusXml:78 - Set database path to: C:\ST\STM32CubeIDE_1.18.0\STM32CubeIDE\plugins\com.st.stm32cube.common.mx_6.15.0.202507011659\\db\/mcu/
2025-10-09 22:25:24,660 [INFO] ApiDb:274 - Set plugin database path to: C:\ST\STM32CubeIDE_1.18.0\STM32CubeIDE\plugins\com.st.stm32cube.common.mx_6.15.0.202507011659\\db\/plugins/boardmanager/
2025-10-09 22:25:24,662 [WARN] ApiDb:259 - Overriding images path with different value:  => C:\ST\STM32CubeIDE_1.18.0\STM32CubeIDE\plugins\com.st.stm32cube.common.mx_6.15.0.202507011659\\db\/plugins/mcufinder/images/
2025-10-09 22:25:24,668 [INFO] ApiDb:250 - Set database path to: C:\Users\anish\.stmcufinder\plugins\mcufinder//mcu/
2025-10-09 22:25:24,670 [INFO] DbMcusAds:125 - Set database path to: C:\Users\anish\.stmcufinder\plugins\mcufinder//mcu/
2025-10-09 22:25:24,671 [INFO] CrossReferenceDbSqlite:203 - Set database path to: C:\Users\anish\.stmcufinder\plugins\mcufinder//mcu/cs/
2025-10-09 22:25:24,794 [INFO] RulesReader:64 - Compatibility file has been processed (317 Rules)
2025-10-09 22:25:24,916 [INFO] DbMcusXml:78 - Set database path to: C:\ST\STM32CubeIDE_1.18.0\STM32CubeIDE\plugins\com.st.stm32cube.common.mx_6.15.0.202507011659\\db\/mcu/
2025-10-09 22:25:24,916 [INFO] ApiDb:274 - Set plugin database path to: C:\ST\STM32CubeIDE_1.18.0\STM32CubeIDE\plugins\com.st.stm32cube.common.mx_6.15.0.202507011659\\db\/plugins/boardmanager/
2025-10-09 22:25:24,916 [INFO] ApiDb:261 - Set plugin images path to: C:\ST\STM32CubeIDE_1.18.0\STM32CubeIDE\plugins\com.st.stm32cube.common.mx_6.15.0.202507011659\\db\/plugins/mcufinder/images/
2025-10-09 22:25:24,917 [WARN] DbFile:41 - Overriding database path with different value: C:\Users\anish\.stmcufinder\plugins\mcufinder/ => C:\Users\anish\.stmcufinder\plugins\mcufinder
2025-10-09 22:25:24,917 [INFO] ApiDb:250 - Set database path to: C:\Users\anish\.stmcufinder\plugins\mcufinder//mcu/
2025-10-09 22:25:24,917 [WARN] DbFile:41 - Overriding database path with different value: C:\Users\anish\.stmcufinder\plugins\mcufinder/ => C:\Users\anish\.stmcufinder\plugins\mcufinder
2025-10-09 22:25:24,917 [INFO] DbMcusAds:125 - Set database path to: C:\Users\anish\.stmcufinder\plugins\mcufinder//mcu/
2025-10-09 22:25:24,917 [WARN] DbFile:41 - Overriding database path with different value: C:\Users\anish\.stmcufinder\plugins\mcufinder/ => C:\Users\anish\.stmcufinder\plugins\mcufinder
2025-10-09 22:25:24,918 [WARN] DbFile:41 - Overriding database path with different value: C:\Users\anish\.stmcufinder\plugins\mcufinder/ => C:\Users\anish\.stmcufinder\plugins\mcufinder
2025-10-09 22:25:24,918 [INFO] CrossReferenceDbSqlite:203 - Set database path to: C:\Users\anish\.stmcufinder\plugins\mcufinder//mcu/cs/
2025-10-09 22:25:24,991 [INFO] MainPanel:274 - HeapMemory: 268435456
2025-10-09 22:25:25,075 [INFO] DbMcusXml:78 - Set database path to: C:\ST\STM32CubeIDE_1.18.0\STM32CubeIDE\plugins\com.st.stm32cube.common.mx_6.15.0.202507011659\\db\/mcu/
2025-10-09 22:25:25,075 [INFO] ApiDb:274 - Set plugin database path to: C:\ST\STM32CubeIDE_1.18.0\STM32CubeIDE\plugins\com.st.stm32cube.common.mx_6.15.0.202507011659\\db\/plugins/boardmanager/
2025-10-09 22:25:25,075 [INFO] ApiDb:261 - Set plugin images path to: C:\ST\STM32CubeIDE_1.18.0\STM32CubeIDE\plugins\com.st.stm32cube.common.mx_6.15.0.202507011659\\db\/plugins/mcufinder/images/
2025-10-09 22:25:25,076 [WARN] DbFile:41 - Overriding database path with different value: C:\Users\anish\.stmcufinder\plugins\mcufinder/ => C:\Users\anish\.stmcufinder\plugins\mcufinder
2025-10-09 22:25:25,076 [INFO] ApiDb:250 - Set database path to: C:\Users\anish\.stmcufinder\plugins\mcufinder//mcu/
2025-10-09 22:25:25,076 [WARN] DbFile:41 - Overriding database path with different value: C:\Users\anish\.stmcufinder\plugins\mcufinder/ => C:\Users\anish\.stmcufinder\plugins\mcufinder
2025-10-09 22:25:25,076 [INFO] DbMcusAds:125 - Set database path to: C:\Users\anish\.stmcufinder\plugins\mcufinder//mcu/
2025-10-09 22:25:25,076 [WARN] DbFile:41 - Overriding database path with different value: C:\Users\anish\.stmcufinder\plugins\mcufinder/ => C:\Users\anish\.stmcufinder\plugins\mcufinder
2025-10-09 22:25:25,076 [WARN] DbFile:41 - Overriding database path with different value: C:\Users\anish\.stmcufinder\plugins\mcufinder/ => C:\Users\anish\.stmcufinder\plugins\mcufinder
2025-10-09 22:25:25,076 [INFO] CrossReferenceDbSqlite:203 - Set database path to: C:\Users\anish\.stmcufinder\plugins\mcufinder//mcu/cs/
2025-10-09 22:25:25,095 [INFO] ApplicationProperties:184 - Using Application install path: C:\ST\STM32CubeIDE_1.18.0\STM32CubeIDE\plugins\com.st.stm32cube.common.mx_6.15.0.202507011659
2025-10-09 22:25:25,096 [INFO] PluginManage:196 - Search for loadable plugins [exclusion list=, ]
2025-10-09 22:25:25,097 [INFO] PluginManage:310 - Check plugin analytics
2025-10-09 22:25:25,325 [INFO] AnalyticsPlugin:253 - Accepted Software Licenses: 
2025-10-09 22:25:25,325 [INFO] AnalyticsPlugin:255 - Accepted CMSIS Pack Licenses: 
2025-10-09 22:25:25,325 [INFO] AnalyticsPlugin:257 - Accepted Firmware Licenses: FW.F4.1.28.0
2025-10-09 22:25:25,331 [INFO] PluginManage:359 - Loaded plugin analytics (category:tool,tabindex:-1)
2025-10-09 22:25:25,331 [INFO] PluginManage:310 - Check plugin cadmodel
2025-10-09 22:25:25,337 [INFO] CADModel:105 - Init CAD model plugin
2025-10-09 22:25:25,338 [INFO] PluginManage:359 - Loaded plugin cadmodel (category:power,tabindex:5)
2025-10-09 22:25:25,338 [INFO] PluginManage:310 - Check plugin clock
2025-10-09 22:25:25,351 [INFO] PluginManage:359 - Loaded plugin clock (category:base,tabindex:2)
2025-10-09 22:25:25,352 [INFO] PluginManage:310 - Check plugin ddr
2025-10-09 22:25:25,354 [INFO] PluginManage:359 - Loaded plugin ddr (category:tool,tabindex:6)
2025-10-09 22:25:25,354 [INFO] PluginManage:310 - Check plugin filemanager
2025-10-09 22:25:25,530 [INFO] PluginManage:359 - Loaded plugin filemanager (category:base,tabindex:10)
2025-10-09 22:25:25,530 [INFO] PluginManage:310 - Check plugin ipmanager
2025-10-09 22:25:25,538 [INFO] PluginManage:359 - Loaded plugin ipmanager (category:base,tabindex:5)
2025-10-09 22:25:25,539 [INFO] PluginManage:310 - Check plugin lpbam
2025-10-09 22:25:25,548 [INFO] PluginManage:359 - Loaded plugin lpbam (category:base,tabindex:0)
2025-10-09 22:25:25,548 [INFO] PluginManage:310 - Check plugin memorymap
2025-10-09 22:25:25,560 [INFO] PluginManage:359 - Loaded plugin memorymap (category:base,tabindex:4)
2025-10-09 22:25:25,560 [INFO] PluginManage:310 - Check plugin pinoutandconfiguration
2025-10-09 22:25:25,567 [INFO] PluginManage:359 - Loaded plugin pinoutandconfiguration (category:base,tabindex:1)
2025-10-09 22:25:25,567 [INFO] PluginManage:310 - Check plugin pinoutconfig
2025-10-09 22:25:25,663 [WARN] SupportedApi:132 - Cannot load RTOS API schema: s4s-elt-must-match.1: The content of 'definitions' must match (annotation?, (simpleType | complexType)?, (unique | key | keyref)*)). A problem was found starting at: attribute.
2025-10-09 22:25:25,791 [INFO] PluginManage:359 - Loaded plugin pinoutconfig (category:base,tabindex:0)
2025-10-09 22:25:25,791 [INFO] PluginManage:310 - Check plugin power
2025-10-09 22:25:25,800 [INFO] PluginManage:359 - Loaded plugin power (category:power,tabindex:4)
2025-10-09 22:25:25,800 [INFO] PluginManage:310 - Check plugin projectmanager
2025-10-09 22:25:25,819 [INFO] PluginManage:359 - Loaded plugin projectmanager (category:projectmanager,tabindex:4)
2025-10-09 22:25:25,820 [INFO] PluginManage:310 - Check plugin rif
2025-10-09 22:25:25,833 [INFO] PluginManage:359 - Loaded plugin rif (category:base,tabindex:3)
2025-10-09 22:25:25,834 [INFO] PluginManage:310 - Check plugin thirdparty
2025-10-09 22:25:26,009 [WARN] IntegrityCheckThread:84 - waiting for thirdparty lock release [integrity check]
2025-10-09 22:25:26,009 [INFO] PluginManage:359 - Loaded plugin thirdparty (category:base,tabindex:-1)
2025-10-09 22:25:26,009 [INFO] IntegrityCheckThread:86 - entering critical section [integrity check]
2025-10-09 22:25:26,009 [INFO] PluginManage:310 - Check plugin tools
2025-10-09 22:25:26,010 [INFO] ThirdPartyUpdaterWithRetryManager:70 - Updater plugin not ready yet. [1/15]
2025-10-09 22:25:26,014 [INFO] PluginManage:359 - Loaded plugin tools (category:base,tabindex:7)
2025-10-09 22:25:26,015 [INFO] PluginManage:310 - Check plugin tutovideos
2025-10-09 22:25:26,243 [INFO] PluginManage:359 - Loaded plugin tutovideos (category:base,tabindex:-1)
2025-10-09 22:25:26,244 [INFO] PluginManage:310 - Check plugin updater
2025-10-09 22:25:26,271 [INFO] PluginManage:359 - Loaded plugin updater (category:base,tabindex:12)
2025-10-09 22:25:26,271 [INFO] PluginManage:310 - Check plugin userauth
2025-10-09 22:25:26,275 [INFO] UserAuth:118 - Init User Auth plugin
2025-10-09 22:25:26,276 [INFO] PluginManage:359 - Loaded plugin userauth (category:base,tabindex:14)
2025-10-09 22:25:26,277 [INFO] PluginManage:283 - PluginManage : Loaded plugins [18]
2025-10-09 22:25:26,498 [INFO] PinOutPanel:1589 - setPackage(No Configuration,No Configuration)
2025-10-09 22:25:26,599 [INFO] CADModel:165 - CPN selected for project level
2025-10-09 22:25:26,600 [INFO] CADModel:114 - Register for checkConnection events
2025-10-09 22:25:26,620 [INFO] IPUIPlugin:80 - create IPUIPlugin
2025-10-09 22:25:26,620 [INFO] PluginManager:220 - loadIPPluginJar : add adc
2025-10-09 22:25:26,624 [INFO] IPUIPlugin:80 - create IPUIPlugin
2025-10-09 22:25:26,624 [INFO] PluginManager:220 - loadIPPluginJar : add aes
2025-10-09 22:25:26,627 [INFO] IPUIPlugin:80 - create IPUIPlugin
2025-10-09 22:25:26,628 [INFO] PluginManager:220 - loadIPPluginJar : add can
2025-10-09 22:25:26,630 [INFO] IPUIPlugin:80 - create IPUIPlugin
2025-10-09 22:25:26,630 [INFO] PluginManager:220 - loadIPPluginJar : add comp
2025-10-09 22:25:26,633 [INFO] IPUIPlugin:80 - create IPUIPlugin
2025-10-09 22:25:26,633 [INFO] PluginManager:220 - loadIPPluginJar : add cryp
2025-10-09 22:25:26,635 [INFO] IPUIPlugin:80 - create IPUIPlugin
2025-10-09 22:25:26,636 [INFO] PluginManager:220 - loadIPPluginJar : add ddr_ctrl_phy
2025-10-09 22:25:26,639 [INFO] IPUIPlugin:80 - create IPUIPlugin
2025-10-09 22:25:26,639 [INFO] PluginManager:220 - loadIPPluginJar : add dfsdm
2025-10-09 22:25:26,644 [INFO] IPUIPlugin:80 - create IPUIPlugin
2025-10-09 22:25:26,645 [INFO] PluginManager:220 - loadIPPluginJar : add dma
2025-10-09 22:25:26,647 [INFO] IPUIPlugin:80 - create IPUIPlugin
2025-10-09 22:25:26,647 [INFO] PluginManager:220 - loadIPPluginJar : add dma3
2025-10-09 22:25:26,651 [INFO] IPUIPlugin:80 - create IPUIPlugin
2025-10-09 22:25:26,651 [INFO] PluginManager:220 - loadIPPluginJar : add extmemmanager
2025-10-09 22:25:26,652 [INFO] IPUIPlugin:80 - create IPUIPlugin
2025-10-09 22:25:26,653 [INFO] PluginManager:220 - loadIPPluginJar : add fatfs
2025-10-09 22:25:26,661 [INFO] IPUIPlugin:80 - create IPUIPlugin
2025-10-09 22:25:26,661 [INFO] PluginManager:220 - loadIPPluginJar : add fmc
2025-10-09 22:25:26,671 [INFO] IPUIPlugin:80 - create IPUIPlugin
2025-10-09 22:25:26,671 [INFO] PluginManager:220 - loadIPPluginJar : add freertos
2025-10-09 22:25:26,673 [INFO] IPUIPlugin:80 - create IPUIPlugin
2025-10-09 22:25:26,673 [INFO] PluginManager:220 - loadIPPluginJar : add genericplugin
2025-10-09 22:25:26,675 [INFO] IPUIPlugin:80 - create IPUIPlugin
2025-10-09 22:25:26,675 [INFO] PluginManager:220 - loadIPPluginJar : add gfxmmu
2025-10-09 22:25:26,680 [INFO] IPUIPlugin:80 - create IPUIPlugin
2025-10-09 22:25:26,680 [INFO] PluginManager:220 - loadIPPluginJar : add gic
2025-10-09 22:25:26,684 [INFO] IPUIPlugin:80 - create IPUIPlugin
2025-10-09 22:25:26,684 [INFO] PluginManager:220 - loadIPPluginJar : add gpio
2025-10-09 22:25:26,686 [INFO] IPUIPlugin:80 - create IPUIPlugin
2025-10-09 22:25:26,686 [INFO] PluginManager:220 - loadIPPluginJar : add gtzc
2025-10-09 22:25:26,689 [INFO] IPUIPlugin:80 - create IPUIPlugin
2025-10-09 22:25:26,689 [INFO] PluginManager:220 - loadIPPluginJar : add hash
2025-10-09 22:25:26,693 [INFO] IPUIPlugin:80 - create IPUIPlugin
2025-10-09 22:25:26,693 [INFO] PluginManager:220 - loadIPPluginJar : add i2c
2025-10-09 22:25:26,695 [INFO] IPUIPlugin:80 - create IPUIPlugin
2025-10-09 22:25:26,696 [INFO] PluginManager:220 - loadIPPluginJar : add i2s
2025-10-09 22:25:26,700 [INFO] IPUIPlugin:80 - create IPUIPlugin
2025-10-09 22:25:26,700 [INFO] PluginManager:220 - loadIPPluginJar : add i3c
2025-10-09 22:25:26,704 [INFO] IPUIPlugin:80 - create IPUIPlugin
2025-10-09 22:25:26,705 [INFO] PluginManager:220 - loadIPPluginJar : add ipddr
2025-10-09 22:25:26,711 [INFO] IPUIPlugin:80 - create IPUIPlugin
2025-10-09 22:25:26,712 [INFO] PluginManager:220 - loadIPPluginJar : add linkedlist
2025-10-09 22:25:26,717 [INFO] IPUIPlugin:80 - create IPUIPlugin
2025-10-09 22:25:26,718 [INFO] PluginManager:220 - loadIPPluginJar : add lorawan
2025-10-09 22:25:26,719 [INFO] IPUIPlugin:80 - create IPUIPlugin
2025-10-09 22:25:26,719 [INFO] PluginManager:220 - loadIPPluginJar : add ltdc
2025-10-09 22:25:26,724 [INFO] IPUIPlugin:80 - create IPUIPlugin
2025-10-09 22:25:26,724 [INFO] PluginManager:220 - loadIPPluginJar : add mdma
2025-10-09 22:25:26,728 [INFO] IPUIPlugin:80 - create IPUIPlugin
2025-10-09 22:25:26,728 [INFO] PluginManager:220 - loadIPPluginJar : add nvic
2025-10-09 22:25:26,732 [INFO] IPUIPlugin:80 - create IPUIPlugin
2025-10-09 22:25:26,732 [INFO] PluginManager:220 - loadIPPluginJar : add opamp
2025-10-09 22:25:26,736 [INFO] IPUIPlugin:80 - create IPUIPlugin
2025-10-09 22:25:26,736 [INFO] PluginManager:220 - loadIPPluginJar : add openamp
2025-10-09 22:25:26,741 [INFO] IPUIPlugin:80 - create IPUIPlugin
2025-10-09 22:25:26,741 [INFO] PluginManager:220 - loadIPPluginJar : add pdm2pcm
2025-10-09 22:25:26,748 [INFO] IPUIPlugin:80 - create IPUIPlugin
2025-10-09 22:25:26,750 [INFO] PluginManager:220 - loadIPPluginJar : add plateformsettings
2025-10-09 22:25:26,752 [INFO] IPUIPlugin:80 - create IPUIPlugin
2025-10-09 22:25:26,752 [INFO] PluginManager:220 - loadIPPluginJar : add quadspi
2025-10-09 22:25:26,754 [INFO] IPUIPlugin:80 - create IPUIPlugin
2025-10-09 22:25:26,755 [INFO] PluginManager:220 - loadIPPluginJar : add radio
2025-10-09 22:25:26,758 [INFO] IPUIPlugin:80 - create IPUIPlugin
2025-10-09 22:25:26,758 [INFO] PluginManager:220 - loadIPPluginJar : add resmgrutility
2025-10-09 22:25:26,761 [INFO] IPUIPlugin:80 - create IPUIPlugin
2025-10-09 22:25:26,761 [INFO] PluginManager:220 - loadIPPluginJar : add sai
2025-10-09 22:25:26,764 [INFO] IPUIPlugin:80 - create IPUIPlugin
2025-10-09 22:25:26,765 [INFO] PluginManager:220 - loadIPPluginJar : add spi
2025-10-09 22:25:26,772 [INFO] IPUIPlugin:80 - create IPUIPlugin
2025-10-09 22:25:26,772 [INFO] PluginManager:220 - loadIPPluginJar : add stm32_wpan
2025-10-09 22:25:26,773 [INFO] IPUIPlugin:80 - create IPUIPlugin
2025-10-09 22:25:26,773 [INFO] PluginManager:220 - loadIPPluginJar : add tim
2025-10-09 22:25:26,777 [INFO] IPUIPlugin:80 - create IPUIPlugin
2025-10-09 22:25:26,777 [INFO] PluginManager:220 - loadIPPluginJar : add touchsensing
2025-10-09 22:25:26,780 [INFO] IPUIPlugin:80 - create IPUIPlugin
2025-10-09 22:25:26,780 [INFO] PluginManager:220 - loadIPPluginJar : add tracer_emb
2025-10-09 22:25:26,782 [INFO] IPUIPlugin:80 - create IPUIPlugin
2025-10-09 22:25:26,783 [INFO] PluginManager:220 - loadIPPluginJar : add ts
2025-10-09 22:25:26,784 [INFO] IPUIPlugin:80 - create IPUIPlugin
2025-10-09 22:25:26,785 [INFO] PluginManager:220 - loadIPPluginJar : add tsc
2025-10-09 22:25:26,787 [INFO] IPUIPlugin:80 - create IPUIPlugin
2025-10-09 22:25:26,787 [INFO] PluginManager:220 - loadIPPluginJar : add ucpd
2025-10-09 22:25:26,790 [INFO] IPUIPlugin:80 - create IPUIPlugin
2025-10-09 22:25:26,790 [INFO] PluginManager:220 - loadIPPluginJar : add usart
2025-10-09 22:25:26,794 [INFO] IPUIPlugin:80 - create IPUIPlugin
2025-10-09 22:25:26,794 [INFO] PluginManager:220 - loadIPPluginJar : add usbx
2025-10-09 22:25:26,952 [FATAL] Updater:351 - Updater called before beeing initialized
2025-10-09 22:25:26,983 [INFO] RulesReader:64 - Compatibility file has been processed (317 Rules)
2025-10-09 22:25:27,000 [INFO] RulesReader:64 - Compatibility file has been processed (317 Rules)
2025-10-09 22:25:27,009 [INFO] CADModel:165 - CPN selected for project level
2025-10-09 22:25:27,009 [INFO] CADModel:114 - Register for checkConnection events
2025-10-09 22:25:27,010 [FATAL] Updater:351 - Updater called before beeing initialized
2025-10-09 22:25:27,010 [ERROR] CADModel:125 - Updater not yet initialized, retry later 
2025-10-09 22:25:27,206 [FATAL] Updater:351 - Updater called before beeing initialized
2025-10-09 22:25:27,208 [INFO] CADModel:165 - CPN selected for project level
2025-10-09 22:25:27,208 [INFO] CADModel:114 - Register for checkConnection events
2025-10-09 22:25:27,208 [FATAL] Updater:351 - Updater called before beeing initialized
2025-10-09 22:25:27,208 [ERROR] CADModel:125 - Updater not yet initialized, retry later 
2025-10-09 22:25:27,212 [FATAL] Updater:351 - Updater called before beeing initialized
2025-10-09 22:25:27,335 [FATAL] Updater:351 - Updater called before beeing initialized
2025-10-09 22:25:27,339 [INFO] DbMcusAds:53 - JSON generation date=Thu Oct 02 15:06:05 IST 2025 (1759397765645)
2025-10-09 22:25:27,339 [FATAL] Updater:351 - Updater called before beeing initialized
2025-10-09 22:25:27,374 [WARN] DetailPanel:346 - Failed to get advertising image, set to default
2025-10-09 22:25:27,478 [FATAL] Updater:351 - Updater called before beeing initialized
2025-10-09 22:25:27,480 [FATAL] Updater:351 - Updater called before beeing initialized
2025-10-09 22:25:27,481 [FATAL] Updater:351 - Updater called before beeing initialized
2025-10-09 22:25:27,481 [WARN] DetailPanel:346 - Failed to get advertising image, set to default
2025-10-09 22:25:27,482 [FATAL] Updater:351 - Updater called before beeing initialized
2025-10-09 22:25:27,535 [ERROR] Updater:1198 - MainUpdater not yet initialized. External WinMGr cannot be set.
2025-10-09 22:25:27,537 [INFO] Updater:1134 - Updater Version found : 6.15.0
2025-10-09 22:25:27,554 [INFO] ApplicationProperties:184 - Using Application install path: C:\ST\STM32CubeIDE_1.18.0\STM32CubeIDE\plugins\com.st.stm32cube.common.mx_6.15.0.202507011659
2025-10-09 22:25:29,011 [INFO] ThirdPartyUpdaterWithRetryManager:70 - Updater plugin not ready yet. [2/15]
2025-10-09 22:25:29,130 [ERROR] LogOutputStream:75 - [STDERR_REDIRECT] Oct 09, 2025 10:25:29 PM java.util.prefs.WindowsPreferences <init>
2025-10-09 22:25:29,132 [ERROR] LogOutputStream:75 - [STDERR_REDIRECT] WARNING: Could not open/create prefs root node Software\JavaSoft\Prefs at root 0xffffffff80000002. Windows RegCreateKeyEx(...) returned error code 5.
2025-10-09 22:25:29,132 [ERROR] LogOutputStream:75 - [STDERR_REDIRECT] 
2025-10-09 22:25:29,818 [INFO] MainUpdater:2872 - connection check result : 10
2025-10-09 22:25:29,819 [INFO] MainUpdater:289 - Updater Check For Update Now.
2025-10-09 22:25:29,819 [INFO] MicroXplorer:498 - Change Database Version : DB.6.0.150
2025-10-09 22:25:29,827 [INFO] McuFinderGlobals:63 - Set McuFinder mode to 2 (CubeIDE integrated)
2025-10-09 22:25:29,828 [INFO] UserAuth:487 - Internet connection configuration mode: 1
2025-10-09 22:25:29,910 [INFO] JxBrowserEngine:152 - Initiate JxBrowser Engine with user profile folder
2025-10-09 22:25:30,106 [INFO] CheckServerUpdateThread:120 - End of CheckServer Thread
2025-10-09 22:25:30,765 [INFO] WebApp:169 - Instantiating new browser for Auth
2025-10-09 22:25:31,619 [INFO] WebApp:463 - Apply proxy settings
2025-10-09 22:25:31,619 [INFO] WebApp:548 - Chromium requires no authentication
2025-10-09 22:25:31,629 [INFO] WebApp:491 - Direct internet connection detected
2025-10-09 22:25:31,655 [INFO] WebApp:900 - Register for checkConnection events
2025-10-09 22:25:31,656 [INFO] WebApp:463 - Apply proxy settings
2025-10-09 22:25:31,656 [INFO] WebApp:548 - Chromium requires no authentication
2025-10-09 22:25:31,657 [INFO] WebApp:491 - Direct internet connection detected
2025-10-09 22:25:31,985 [INFO] WebApp:225 - Starting web application
2025-10-09 22:25:31,985 [INFO] WebApp:593 - Web application path used C:\ST\STM32CubeIDE_1.18.0\STM32CubeIDE\plugins\com.st.stm32cube.common.mx_6.15.0.202507011659\db\plugins\mcufinder\reactClient1\index.html
2025-10-09 22:25:32,117 [INFO] UserAuth:487 - Internet connection configuration mode: 1
2025-10-09 22:25:32,331 [INFO] WebApp:191 - Connection restablished
2025-10-09 22:25:32,495 [WARN] PackLoader:240 - Cannot read IP mode file for STMicroelectronics.FP-SNS-MOTENVWB1.1.4.0
2025-10-09 22:25:32,513 [WARN] PackLoader:240 - Cannot read IP mode file for STMicroelectronics.FP-ATR-ASTRA1.2.0.2
2025-10-09 22:25:32,519 [WARN] PackLoader:240 - Cannot read IP mode file for STMicroelectronics.FP-ATR-ASTRA1.2.0.1
2025-10-09 22:25:32,565 [WARN] PackLoader:240 - Cannot read IP mode file for STMicroelectronics.X-CUBE-SMBUS.2.1.0
2025-10-09 22:25:32,587 [WARN] PackLoader:240 - Cannot read IP mode file for STMicroelectronics.X-CUBE-WB05N.1.1.0
2025-10-09 22:25:32,598 [WARN] PackLoader:240 - Cannot read IP mode file for STMicroelectronics.X-CUBE-ST60.1.0.0
2025-10-09 22:25:32,699 [WARN] PackLoader:240 - Cannot read IP mode file for STMicroelectronics.X-CUBE-AZRTOS-F7.1.1.0
2025-10-09 22:25:32,715 [WARN] PackLoader:240 - Cannot read IP mode file for STMicroelectronics.FP-SNS-FLIGHT1.5.0.2
2025-10-09 22:25:32,762 [WARN] PackLoader:240 - Cannot read IP mode file for Infineon.AIROC-Wi-Fi-Bluetooth-STM32.1.7.0
2025-10-09 22:25:32,811 [WARN] PackLoader:240 - Cannot read IP mode file for STMicroelectronics.X-CUBE-AZRTOS-H7.3.4.0
2025-10-09 22:25:32,829 [WARN] PackLoader:240 - Cannot read IP mode file for STMicroelectronics.X-CUBE-DISPLAY.3.0.0
2025-10-09 22:25:32,843 [WARN] PackLoader:240 - Cannot read IP mode file for STMicroelectronics.X-CUBE-BLE1.7.0.0
2025-10-09 22:25:32,851 [WARN] PackLoader:240 - Cannot read IP mode file for STMicroelectronics.X-CUBE-NFC10.1.0.0
2025-10-09 22:25:32,862 [WARN] PackLoader:240 - Cannot read IP mode file for STMicroelectronics.X-CUBE-BLEMGR.4.0.0
2025-10-09 22:25:32,875 [WARN] PackLoader:240 - Cannot read IP mode file for emotas.I-CUBE-CANOPEN.1.3.0
2025-10-09 22:25:32,883 [WARN] PackLoader:240 - Cannot read IP mode file for STMicroelectronics.X-CUBE-AI.10.0.0
2025-10-09 22:25:32,896 [WARN] PackLoader:240 - Cannot read IP mode file for STMicroelectronics.FP-SNS-STBOX1.2.1.0
2025-10-09 22:25:32,909 [WARN] PackLoader:240 - Cannot read IP mode file for STMicroelectronics.FP-SNS-SMARTAG2.1.2.0
2025-10-09 22:25:32,916 [WARN] PackLoader:240 - Cannot read IP mode file for STMicroelectronics.FP-SNS-FLIGHT1.5.1.0
2025-10-09 22:25:33,013 [WARN] PackLoader:240 - Cannot read IP mode file for STMicroelectronics.X-CUBE-MEMS1.11.1.0
2025-10-09 22:25:33,246 [INFO] LogOutputStream:77 - [STDOUT_REDIRECT] 1 : Invalid condition id : UX_CORESTACK_Condition cause : null
2025-10-09 22:25:33,247 [INFO] LogOutputStream:77 - [STDOUT_REDIRECT] 1 : Invalid condition id : UX_CORESTACK_Condition cause : null
2025-10-09 22:25:33,250 [INFO] LogOutputStream:77 - [STDOUT_REDIRECT] 1 : Invalid condition id : UX_CORESTACK_Condition cause : null
2025-10-09 22:25:33,253 [INFO] LogOutputStream:77 - [STDOUT_REDIRECT] 1 : Invalid condition id : UX_CORESTACK_Condition cause : null
2025-10-09 22:25:33,254 [INFO] LogOutputStream:77 - [STDOUT_REDIRECT] 1 : Invalid condition id : UX_CORESTACK_Condition cause : null
2025-10-09 22:25:33,257 [WARN] PackLoader:240 - Cannot read IP mode file for STMicroelectronics.X-CUBE-AZRTOS-WL.2.0.0
2025-10-09 22:25:33,267 [WARN] PackLoader:240 - Cannot read IP mode file for STMicroelectronics.FP-SNS-MOTENV1.5.0.0
2025-10-09 22:25:33,275 [WARN] PackLoader:240 - Cannot read IP mode file for wolfSSL.I-CUBE-wolfMQTT.1.19.0
2025-10-09 22:25:33,291 [WARN] PackLoader:240 - Cannot read IP mode file for WES.I-CUBE-Cesium.1.3.0
2025-10-09 22:25:33,298 [WARN] PackLoader:240 - Cannot read IP mode file for STMicroelectronics.X-CUBE-BLE2.3.3.0
2025-10-09 22:25:33,307 [WARN] PackLoader:240 - Cannot read IP mode file for STMicroelectronics.X-CUBE-NFC9.1.0.0
2025-10-09 22:25:33,314 [WARN] PackLoader:240 - Cannot read IP mode file for STMicroelectronics.X-CUBE-BLE1.7.1.0
2025-10-09 22:25:33,322 [WARN] PackLoader:240 - Cannot read IP mode file for STMicroelectronics.X-CUBE-EEPRMA1.5.2.0
2025-10-09 22:25:33,329 [WARN] PackLoader:240 - Cannot read IP mode file for STMicroelectronics.X-CUBE-AI.10.1.0
2025-10-09 22:25:33,395 [WARN] PackLoader:240 - Cannot read IP mode file for STMicroelectronics.X-CUBE-MEMS1.11.2.0
2025-10-09 22:25:33,582 [WARN] PackLoader:240 - Cannot read IP mode file for STMicroelectronics.X-CUBE-AZRTOS-G0.1.1.0
2025-10-09 22:25:33,592 [WARN] PackLoader:240 - Cannot read IP mode file for STMicroelectronics.X-CUBE-SAFEA1.1.2.2
2025-10-09 22:25:33,601 [WARN] PackLoader:240 - Cannot read IP mode file for STMicroelectronics.X-CUBE-NFC4.3.0.0
2025-10-09 22:25:33,611 [WARN] PackLoader:240 - Cannot read IP mode file for EmbeddedOffice.I-CUBE-FS-RTOS.1.0.1
2025-10-09 22:25:33,620 [WARN] PackLoader:240 - Cannot read IP mode file for STMicroelectronics.X-CUBE-WB05N.2.0.0
2025-10-09 22:25:33,626 [WARN] PackLoader:240 - Cannot read IP mode file for STMicroelectronics.X-CUBE-TCPP.4.2.0
2025-10-09 22:25:33,634 [WARN] PackLoader:240 - Cannot read IP mode file for RealThread.X-CUBE-RT-Thread_Nano.4.1.1
2025-10-09 22:25:33,640 [WARN] PackLoader:240 - Cannot read IP mode file for STMicroelectronics.FP-ATR-SIGFOX1.3.2.0
2025-10-09 22:25:33,648 [WARN] ConditionMgr:438 - getConditionDescription Invalid condition id : Cortex-A Device cause : null
2025-10-09 22:25:33,677 [WARN] ConditionMgr:1044 - genDependencies : Invalid condition id : Cortex-A Device cause : null
2025-10-09 22:25:33,678 [WARN] ConditionMgr:1044 - genDependencies : Invalid condition id : Cortex-A Device cause : null
2025-10-09 22:25:33,678 [WARN] ConditionMgr:1044 - genDependencies : Invalid condition id : Cortex-A Device cause : null
2025-10-09 22:25:33,684 [WARN] PackLoader:240 - Cannot read IP mode file for STMicroelectronics.X-CUBE-EEPRMA1.5.1.0
2025-10-09 22:25:33,690 [WARN] PackLoader:240 - Cannot read IP mode file for wolfSSL.I-CUBE-wolfSSL.5.7.4
2025-10-09 22:25:33,698 [WARN] PackLoader:240 - Cannot read IP mode file for ITTIA_DB.I-CUBE-ITTIADB.8.9.0
2025-10-09 22:25:33,710 [WARN] PackLoader:240 - Cannot read IP mode file for STMicroelectronics.X-CUBE-ST67W61.1.0.0
2025-10-09 22:25:33,716 [WARN] PackLoader:240 - Cannot read IP mode file for STMicroelectronics.X-CUBE-AI.10.2.0
2025-10-09 22:25:33,745 [WARN] PackLoader:240 - Cannot read IP mode file for SEGGER.I-CUBE-embOS.1.3.1
2025-10-09 22:25:33,779 [WARN] PackLoader:240 - Cannot read IP mode file for STMicroelectronics.X-CUBE-ALGOBUILD.1.4.0
2025-10-09 22:25:33,823 [WARN] PackLoader:240 - Cannot read IP mode file for STMicroelectronics.X-CUBE-MEMS1.11.3.0
2025-10-09 22:25:33,907 [WARN] PackLoader:240 - Cannot read IP mode file for STMicroelectronics.X-CUBE-AI.9.1.0
2025-10-09 22:25:33,914 [WARN] PackLoader:240 - Cannot read IP mode file for STMicroelectronics.X-CUBE-PM33A1.1.0.0
2025-10-09 22:25:33,932 [WARN] PackLoader:240 - Cannot read IP mode file for STMicroelectronics.X-CUBE-AZRTOS-F4.1.1.0
2025-10-09 22:25:33,940 [WARN] PackLoader:240 - Cannot read IP mode file for Avnet-IotConnect.X-CUBE-IoTC-DA16k-PMOD.1.0.0
2025-10-09 22:25:33,946 [WARN] PackLoader:240 - Cannot read IP mode file for STMicroelectronics.X-CUBE-ISPU.2.1.0
2025-10-09 22:25:33,964 [WARN] PackLoader:240 - Cannot read IP mode file for STMicroelectronics.X-CUBE-IPS.3.2.0
2025-10-09 22:25:33,981 [WARN] PackLoader:240 - Cannot read IP mode file for STMicroelectronics.X-CUBE-NFC12.1.0.0
2025-10-09 22:25:33,999 [WARN] PackLoader:240 - Cannot read IP mode file for STMicroelectronics.X-CUBE-AZRTOS-L5.2.0.0
2025-10-09 22:25:34,011 [WARN] PackLoader:240 - Cannot read IP mode file for STMicroelectronics.X-CUBE-NFC6.3.1.0
2025-10-09 22:25:34,019 [WARN] PackLoader:240 - Cannot read IP mode file for STMicroelectronics.X-CUBE-DPower.1.2.0
2025-10-09 22:25:34,025 [WARN] PackLoader:240 - Cannot read IP mode file for STMicroelectronics.X-CUBE-FREERTOS.1.3.1
2025-10-09 22:25:34,030 [WARN] PackLoader:240 - Cannot read IP mode file for STMicroelectronics.X-CUBE-FREERTOS.1.3.0
2025-10-09 22:25:34,037 [WARN] PackLoader:240 - Cannot read IP mode file for STMicroelectronics.X-CUBE-NFC7.1.0.1
2025-10-09 22:25:34,062 [WARN] PackLoader:240 - Cannot read IP mode file for STMicroelectronics.X-CUBE-DPower.1.3.0
2025-10-09 22:25:34,094 [WARN] ConditionMgr:438 - getConditionDescription Invalid condition id : LAN8742 Phy interface Condition cause : null
2025-10-09 22:25:34,095 [WARN] PackLoader:240 - Cannot read IP mode file for STMicroelectronics.X-CUBE-AZRTOS-L4.2.0.0
2025-10-09 22:25:34,096 [WARN] ConditionMgr:1044 - genDependencies : Invalid condition id : LAN8742 Phy interface Condition cause : null
2025-10-09 22:25:34,096 [WARN] ConditionMgr:1044 - genDependencies : Invalid condition id : LAN8742 Phy interface Condition cause : null
2025-10-09 22:25:34,097 [WARN] ConditionMgr:1044 - genDependencies : Invalid condition id : LAN8742 Phy interface Condition cause : null
2025-10-09 22:25:34,107 [WARN] PackLoader:240 - Cannot read IP mode file for STMicroelectronics.X-CUBE-SFXS2LP1.4.0.0
2025-10-09 22:25:34,151 [WARN] PackLoader:240 - Cannot read IP mode file for STMicroelectronics.X-CUBE-AZRTOS-H7.3.3.0
2025-10-09 22:25:34,176 [WARN] ConditionMgr:438 - getConditionDescription Invalid condition id : UX DEVICE CLASS RTOS Condition cause : null
2025-10-09 22:25:34,177 [WARN] ConditionMgr:438 - getConditionDescription Invalid condition id : UX DEVICE CLASS RTOS Condition cause : null
2025-10-09 22:25:34,180 [WARN] PackLoader:240 - Cannot read IP mode file for STMicroelectronics.X-CUBE-AZRTOS-WB.2.0.0
2025-10-09 22:25:34,182 [WARN] ConditionMgr:1044 - genDependencies : Invalid condition id : UX DEVICE CLASS RTOS Condition cause : null
2025-10-09 22:25:34,182 [WARN] ConditionMgr:1044 - genDependencies : Invalid condition id : UX DEVICE CLASS RTOS Condition cause : null
2025-10-09 22:25:34,183 [WARN] ConditionMgr:1044 - genDependencies : Invalid condition id : UX DEVICE CLASS RTOS Condition cause : null
2025-10-09 22:25:34,184 [WARN] ConditionMgr:1044 - genDependencies : Invalid condition id : UX DEVICE CLASS RTOS Condition cause : null
2025-10-09 22:25:34,184 [WARN] ConditionMgr:1044 - genDependencies : Invalid condition id : UX DEVICE CLASS RTOS Condition cause : null
2025-10-09 22:25:34,196 [WARN] PackLoader:240 - Cannot read IP mode file for STMicroelectronics.X-CUBE-GNSS1.7.0.1
2025-10-09 22:25:34,206 [WARN] PackLoader:240 - Cannot read IP mode file for STMicroelectronics.X-CUBE-TOUCHGFX.4.25.0
2025-10-09 22:25:34,221 [WARN] PackLoader:240 - Cannot read IP mode file for STMicroelectronics.FP-SNS-STBOX1.2.0.0
2025-10-09 22:25:34,242 [WARN] PackLoader:240 - Cannot read IP mode file for STMicroelectronics.X-CUBE-SUBG2.5.0.0
2025-10-09 22:25:34,280 [WARN] PackLoader:240 - Cannot read IP mode file for STMicroelectronics.X-CUBE-AZRTOS-H7RS.1.1.0
2025-10-09 22:25:34,292 [WARN] PackLoader:240 - Cannot read IP mode file for Cesanta.I-CUBE-Mongoose.7.13.0
2025-10-09 22:25:34,316 [WARN] PackLoader:240 - Cannot read IP mode file for STMicroelectronics.X-CUBE-AZRTOS-G4.2.0.0
2025-10-09 22:25:34,324 [WARN] PackLoader:240 - Cannot read IP mode file for STMicroelectronics.X-CUBE-NFC7.2.0.0
2025-10-09 22:25:34,339 [WARN] PackLoader:240 - Cannot read IP mode file for STMicroelectronics.X-CUBE-IPS.3.1.0
2025-10-09 22:25:34,353 [WARN] PackLoader:240 - Cannot read IP mode file for STMicroelectronics.X-CUBE-ALS.1.0.2
2025-10-09 22:25:34,360 [WARN] PackLoader:240 - Cannot read IP mode file for STMicroelectronics.X-CUBE-TOUCHGFX.4.24.2
2025-10-09 22:25:34,369 [WARN] PackLoader:240 - Cannot read IP mode file for STMicroelectronics.X-CUBE-STSE01.1.0.0
2025-10-09 22:25:34,378 [WARN] PackLoader:240 - Cannot read IP mode file for wolfSSL.I-CUBE-wolfTPM.3.4.0
2025-10-09 22:25:34,389 [WARN] PackLoader:240 - Cannot read IP mode file for portGmbH.I-Cube-SoM-uGOAL.1.1.0
2025-10-09 22:25:34,412 [WARN] PackLoader:240 - Cannot read IP mode file for STMicroelectronics.X-CUBE-AZRTOS-H7RS.1.0.0
2025-10-09 22:25:34,429 [WARN] PackLoader:240 - Cannot read IP mode file for STMicroelectronics.X-CUBE-TOF1.3.4.2
2025-10-09 22:25:34,455 [WARN] PackLoader:240 - Cannot read IP mode file for STMicroelectronics.X-CUBE-TOF1.3.4.3
2025-10-09 22:25:34,473 [WARN] PackLoader:240 - Cannot read IP mode file for wolfSSL.I-CUBE-wolfSSH.1.4.17
2025-10-09 22:25:34,475 [INFO] ThirdParty:978 - Integrity check success = true
2025-10-09 22:25:34,475 [INFO] IntegrityCheckThread:100 - exiting critical section [integrity check]
2025-10-09 22:25:34,475 [INFO] IntegrityCheckThread:103 - End integrity checks thread
2025-10-09 22:26:03,652 [ERROR] LogOutputStream:75 - [STDERR_REDIRECT] 
